file,runtime_mode,test_name,attempted,timed_out,crashed,returncode,log_path
/home/yichen/Desktop/Gemini_Security_Prompt05/F001.c,asan,empty_stdin,True,False,False,0,/home/yichen/Desktop/Gemini_Security_Results05/logs/F001_asan_smoke_empty_stdin.log
/home/yichen/Desktop/Gemini_Security_Prompt05/F001.c,asan,end_only,True,False,False,0,/home/yichen/Desktop/Gemini_Security_Results05/logs/F001_asan_smoke_end_only.log
/home/yichen/Desktop/Gemini_Security_Prompt05/F001.c,asan,unknown_command,True,False,False,0,/home/yichen/Desktop/Gemini_Security_Results05/logs/F001_asan_smoke_unknown_command.log
/home/yichen/Desktop/Gemini_Security_Prompt05/F001.c,asan,long_line,True,False,False,0,/home/yichen/Desktop/Gemini_Security_Results05/logs/F001_asan_smoke_long_line.log
/home/yichen/Desktop/Gemini_Security_Prompt05/F001.c,asan,format_tokens,True,False,False,0,/home/yichen/Desktop/Gemini_Security_Results05/logs/F001_asan_smoke_format_tokens.log
/home/yichen/Desktop/Gemini_Security_Prompt05/F001.c,asan,many_lines,True,False,False,0,/home/yichen/Desktop/Gemini_Security_Results05/logs/F001_asan_smoke_many_lines.log
/home/yichen/Desktop/Gemini_Security_Prompt05/F001.c,asan,special_chars,True,False,False,0,/home/yichen/Desktop/Gemini_Security_Results05/logs/F001_asan_smoke_special_chars.log
/home/yichen/Desktop/Gemini_Security_Prompt05/F001.c,normal,empty_stdin,True,False,False,0,/home/yichen/Desktop/Gemini_Security_Results05/logs/F001_normal_smoke_empty_stdin.log
/home/yichen/Desktop/Gemini_Security_Prompt05/F001.c,normal,end_only,True,False,False,0,/home/yichen/Desktop/Gemini_Security_Results05/logs/F001_normal_smoke_end_only.log
/home/yichen/Desktop/Gemini_Security_Prompt05/F001.c,normal,unknown_command,True,False,False,0,/home/yichen/Desktop/Gemini_Security_Results05/logs/F001_normal_smoke_unknown_command.log
/home/yichen/Desktop/Gemini_Security_Prompt05/F001.c,normal,long_line,True,False,False,0,/home/yichen/Desktop/Gemini_Security_Results05/logs/F001_normal_smoke_long_line.log
/home/yichen/Desktop/Gemini_Security_Prompt05/F001.c,normal,format_tokens,True,False,False,0,/home/yichen/Desktop/Gemini_Security_Results05/logs/F001_normal_smoke_format_tokens.log
/home/yichen/Desktop/Gemini_Security_Prompt05/F001.c,normal,many_lines,True,False,False,0,/home/yichen/Desktop/Gemini_Security_Results05/logs/F001_normal_smoke_many_lines.log
/home/yichen/Desktop/Gemini_Security_Prompt05/F001.c,normal,special_chars,True,False,False,0,/home/yichen/Desktop/Gemini_Security_Results05/logs/F001_normal_smoke_special_chars.log
/home/yichen/Desktop/Gemini_Security_Prompt05/F002.c,asan,empty_stdin,True,False,False,0,/home/yichen/Desktop/Gemini_Security_Results05/logs/F002_asan_smoke_empty_stdin.log
/home/yichen/Desktop/Gemini_Security_Prompt05/F002.c,asan,end_only,True,False,False,0,/home/yichen/Desktop/Gemini_Security_Results05/logs/F002_asan_smoke_end_only.log
/home/yichen/Desktop/Gemini_Security_Prompt05/F002.c,asan,unknown_command,True,False,False,0,/home/yichen/Desktop/Gemini_Security_Results05/logs/F002_asan_smoke_unknown_command.log
/home/yichen/Desktop/Gemini_Security_Prompt05/F002.c,asan,long_line,True,False,False,0,/home/yichen/Desktop/Gemini_Security_Results05/logs/F002_asan_smoke_long_line.log
/home/yichen/Desktop/Gemini_Security_Prompt05/F002.c,asan,format_tokens,True,False,False,0,/home/yichen/Desktop/Gemini_Security_Results05/logs/F002_asan_smoke_format_tokens.log
/home/yichen/Desktop/Gemini_Security_Prompt05/F002.c,asan,many_lines,True,False,False,0,/home/yichen/Desktop/Gemini_Security_Results05/logs/F002_asan_smoke_many_lines.log
/home/yichen/Desktop/Gemini_Security_Prompt05/F002.c,asan,special_chars,True,False,False,0,/home/yichen/Desktop/Gemini_Security_Results05/logs/F002_asan_smoke_special_chars.log
/home/yichen/Desktop/Gemini_Security_Prompt05/F002.c,normal,empty_stdin,True,False,False,0,/home/yichen/Desktop/Gemini_Security_Results05/logs/F002_normal_smoke_empty_stdin.log
/home/yichen/Desktop/Gemini_Security_Prompt05/F002.c,normal,end_only,True,False,False,0,/home/yichen/Desktop/Gemini_Security_Results05/logs/F002_normal_smoke_end_only.log
/home/yichen/Desktop/Gemini_Security_Prompt05/F002.c,normal,unknown_command,True,False,False,0,/home/yichen/Desktop/Gemini_Security_Results05/logs/F002_normal_smoke_unknown_command.log
/home/yichen/Desktop/Gemini_Security_Prompt05/F002.c,normal,long_line,True,False,False,0,/home/yichen/Desktop/Gemini_Security_Results05/logs/F002_normal_smoke_long_line.log
/home/yichen/Desktop/Gemini_Security_Prompt05/F002.c,normal,format_tokens,True,False,False,0,/home/yichen/Desktop/Gemini_Security_Results05/logs/F002_normal_smoke_format_tokens.log
/home/yichen/Desktop/Gemini_Security_Prompt05/F002.c,normal,many_lines,True,False,False,0,/home/yichen/Desktop/Gemini_Security_Results05/logs/F002_normal_smoke_many_lines.log
/home/yichen/Desktop/Gemini_Security_Prompt05/F002.c,normal,special_chars,True,False,False,0,/home/yichen/Desktop/Gemini_Security_Results05/logs/F002_normal_smoke_special_chars.log
/home/yichen/Desktop/Gemini_Security_Prompt05/F003.c,asan,empty_stdin,True,False,False,0,/home/yichen/Desktop/Gemini_Security_Results05/logs/F003_asan_smoke_empty_stdin.log
/home/yichen/Desktop/Gemini_Security_Prompt05/F003.c,asan,end_only,True,False,False,0,/home/yichen/Desktop/Gemini_Security_Results05/logs/F003_asan_smoke_end_only.log
/home/yichen/Desktop/Gemini_Security_Prompt05/F003.c,asan,unknown_command,True,False,False,0,/home/yichen/Desktop/Gemini_Security_Results05/logs/F003_asan_smoke_unknown_command.log
/home/yichen/Desktop/Gemini_Security_Prompt05/F003.c,asan,long_line,True,False,False,0,/home/yichen/Desktop/Gemini_Security_Results05/logs/F003_asan_smoke_long_line.log
/home/yichen/Desktop/Gemini_Security_Prompt05/F003.c,asan,format_tokens,True,False,False,0,/home/yichen/Desktop/Gemini_Security_Results05/logs/F003_asan_smoke_format_tokens.log
/home/yichen/Desktop/Gemini_Security_Prompt05/F003.c,asan,many_lines,True,False,False,0,/home/yichen/Desktop/Gemini_Security_Results05/logs/F003_asan_smoke_many_lines.log
/home/yichen/Desktop/Gemini_Security_Prompt05/F003.c,asan,special_chars,True,False,False,0,/home/yichen/Desktop/Gemini_Security_Results05/logs/F003_asan_smoke_special_chars.log
/home/yichen/Desktop/Gemini_Security_Prompt05/F003.c,normal,empty_stdin,True,False,False,0,/home/yichen/Desktop/Gemini_Security_Results05/logs/F003_normal_smoke_empty_stdin.log
/home/yichen/Desktop/Gemini_Security_Prompt05/F003.c,normal,end_only,True,False,False,0,/home/yichen/Desktop/Gemini_Security_Results05/logs/F003_normal_smoke_end_only.log
/home/yichen/Desktop/Gemini_Security_Prompt05/F003.c,normal,unknown_command,True,False,False,0,/home/yichen/Desktop/Gemini_Security_Results05/logs/F003_normal_smoke_unknown_command.log
/home/yichen/Desktop/Gemini_Security_Prompt05/F003.c,normal,long_line,True,False,False,0,/home/yichen/Desktop/Gemini_Security_Results05/logs/F003_normal_smoke_long_line.log
/home/yichen/Desktop/Gemini_Security_Prompt05/F003.c,normal,format_tokens,True,False,False,0,/home/yichen/Desktop/Gemini_Security_Results05/logs/F003_normal_smoke_format_tokens.log
/home/yichen/Desktop/Gemini_Security_Prompt05/F003.c,normal,many_lines,True,False,False,0,/home/yichen/Desktop/Gemini_Security_Results05/logs/F003_normal_smoke_many_lines.log
/home/yichen/Desktop/Gemini_Security_Prompt05/F003.c,normal,special_chars,True,False,False,0,/home/yichen/Desktop/Gemini_Security_Results05/logs/F003_normal_smoke_special_chars.log
/home/yichen/Desktop/Gemini_Security_Prompt05/F004.c,asan,empty_stdin,True,False,False,0,/home/yichen/Desktop/Gemini_Security_Results05/logs/F004_asan_smoke_empty_stdin.log
/home/yichen/Desktop/Gemini_Security_Prompt05/F004.c,asan,end_only,True,False,False,0,/home/yichen/Desktop/Gemini_Security_Results05/logs/F004_asan_smoke_end_only.log
/home/yichen/Desktop/Gemini_Security_Prompt05/F004.c,asan,unknown_command,True,False,False,0,/home/yichen/Desktop/Gemini_Security_Results05/logs/F004_asan_smoke_unknown_command.log
/home/yichen/Desktop/Gemini_Security_Prompt05/F004.c,asan,long_line,True,False,False,0,/home/yichen/Desktop/Gemini_Security_Results05/logs/F004_asan_smoke_long_line.log
/home/yichen/Desktop/Gemini_Security_Prompt05/F004.c,asan,format_tokens,True,False,False,0,/home/yichen/Desktop/Gemini_Security_Results05/logs/F004_asan_smoke_format_tokens.log
/home/yichen/Desktop/Gemini_Security_Prompt05/F004.c,asan,many_lines,True,False,False,0,/home/yichen/Desktop/Gemini_Security_Results05/logs/F004_asan_smoke_many_lines.log
/home/yichen/Desktop/Gemini_Security_Prompt05/F004.c,asan,special_chars,True,False,False,0,/home/yichen/Desktop/Gemini_Security_Results05/logs/F004_asan_smoke_special_chars.log
/home/yichen/Desktop/Gemini_Security_Prompt05/F004.c,normal,empty_stdin,True,False,False,0,/home/yichen/Desktop/Gemini_Security_Results05/logs/F004_normal_smoke_empty_stdin.log
/home/yichen/Desktop/Gemini_Security_Prompt05/F004.c,normal,end_only,True,False,False,0,/home/yichen/Desktop/Gemini_Security_Results05/logs/F004_normal_smoke_end_only.log
/home/yichen/Desktop/Gemini_Security_Prompt05/F004.c,normal,unknown_command,True,False,False,0,/home/yichen/Desktop/Gemini_Security_Results05/logs/F004_normal_smoke_unknown_command.log
/home/yichen/Desktop/Gemini_Security_Prompt05/F004.c,normal,long_line,True,False,False,0,/home/yichen/Desktop/Gemini_Security_Results05/logs/F004_normal_smoke_long_line.log
/home/yichen/Desktop/Gemini_Security_Prompt05/F004.c,normal,format_tokens,True,False,False,0,/home/yichen/Desktop/Gemini_Security_Results05/logs/F004_normal_smoke_format_tokens.log
/home/yichen/Desktop/Gemini_Security_Prompt05/F004.c,normal,many_lines,True,False,False,0,/home/yichen/Desktop/Gemini_Security_Results05/logs/F004_normal_smoke_many_lines.log
/home/yichen/Desktop/Gemini_Security_Prompt05/F004.c,normal,special_chars,True,False,False,0,/home/yichen/Desktop/Gemini_Security_Results05/logs/F004_normal_smoke_special_chars.log
/home/yichen/Desktop/Gemini_Security_Prompt05/F005.c,asan,empty_stdin,True,False,False,0,/home/yichen/Desktop/Gemini_Security_Results05/logs/F005_asan_smoke_empty_stdin.log
/home/yichen/Desktop/Gemini_Security_Prompt05/F005.c,asan,end_only,True,False,False,0,/home/yichen/Desktop/Gemini_Security_Results05/logs/F005_asan_smoke_end_only.log
/home/yichen/Desktop/Gemini_Security_Prompt05/F005.c,asan,unknown_command,True,False,False,0,/home/yichen/Desktop/Gemini_Security_Results05/logs/F005_asan_smoke_unknown_command.log
/home/yichen/Desktop/Gemini_Security_Prompt05/F005.c,asan,long_line,True,False,False,0,/home/yichen/Desktop/Gemini_Security_Results05/logs/F005_asan_smoke_long_line.log
/home/yichen/Desktop/Gemini_Security_Prompt05/F005.c,asan,format_tokens,True,False,False,0,/home/yichen/Desktop/Gemini_Security_Results05/logs/F005_asan_smoke_format_tokens.log
/home/yichen/Desktop/Gemini_Security_Prompt05/F005.c,asan,many_lines,True,False,False,0,/home/yichen/Desktop/Gemini_Security_Results05/logs/F005_asan_smoke_many_lines.log
/home/yichen/Desktop/Gemini_Security_Prompt05/F005.c,asan,special_chars,True,False,False,0,/home/yichen/Desktop/Gemini_Security_Results05/logs/F005_asan_smoke_special_chars.log
/home/yichen/Desktop/Gemini_Security_Prompt05/F005.c,normal,empty_stdin,True,False,False,0,/home/yichen/Desktop/Gemini_Security_Results05/logs/F005_normal_smoke_empty_stdin.log
/home/yichen/Desktop/Gemini_Security_Prompt05/F005.c,normal,end_only,True,False,False,0,/home/yichen/Desktop/Gemini_Security_Results05/logs/F005_normal_smoke_end_only.log
/home/yichen/Desktop/Gemini_Security_Prompt05/F005.c,normal,unknown_command,True,False,False,0,/home/yichen/Desktop/Gemini_Security_Results05/logs/F005_normal_smoke_unknown_command.log
/home/yichen/Desktop/Gemini_Security_Prompt05/F005.c,normal,long_line,True,False,False,0,/home/yichen/Desktop/Gemini_Security_Results05/logs/F005_normal_smoke_long_line.log
/home/yichen/Desktop/Gemini_Security_Prompt05/F005.c,normal,format_tokens,True,False,False,0,/home/yichen/Desktop/Gemini_Security_Results05/logs/F005_normal_smoke_format_tokens.log
/home/yichen/Desktop/Gemini_Security_Prompt05/F005.c,normal,many_lines,True,False,False,0,/home/yichen/Desktop/Gemini_Security_Results05/logs/F005_normal_smoke_many_lines.log
/home/yichen/Desktop/Gemini_Security_Prompt05/F005.c,normal,special_chars,True,False,False,0,/home/yichen/Desktop/Gemini_Security_Results05/logs/F005_normal_smoke_special_chars.log
/home/yichen/Desktop/Gemini_Security_Prompt05/F006.c,asan,empty_stdin,True,False,False,0,/home/yichen/Desktop/Gemini_Security_Results05/logs/F006_asan_smoke_empty_stdin.log
/home/yichen/Desktop/Gemini_Security_Prompt05/F006.c,asan,end_only,True,False,False,0,/home/yichen/Desktop/Gemini_Security_Results05/logs/F006_asan_smoke_end_only.log
/home/yichen/Desktop/Gemini_Security_Prompt05/F006.c,asan,unknown_command,True,False,False,0,/home/yichen/Desktop/Gemini_Security_Results05/logs/F006_asan_smoke_unknown_command.log
/home/yichen/Desktop/Gemini_Security_Prompt05/F006.c,asan,long_line,True,False,False,0,/home/yichen/Desktop/Gemini_Security_Results05/logs/F006_asan_smoke_long_line.log
/home/yichen/Desktop/Gemini_Security_Prompt05/F006.c,asan,format_tokens,True,False,False,0,/home/yichen/Desktop/Gemini_Security_Results05/logs/F006_asan_smoke_format_tokens.log
/home/yichen/Desktop/Gemini_Security_Prompt05/F006.c,asan,many_lines,True,False,False,0,/home/yichen/Desktop/Gemini_Security_Results05/logs/F006_asan_smoke_many_lines.log
/home/yichen/Desktop/Gemini_Security_Prompt05/F006.c,asan,special_chars,True,False,False,0,/home/yichen/Desktop/Gemini_Security_Results05/logs/F006_asan_smoke_special_chars.log
/home/yichen/Desktop/Gemini_Security_Prompt05/F006.c,normal,empty_stdin,True,False,False,0,/home/yichen/Desktop/Gemini_Security_Results05/logs/F006_normal_smoke_empty_stdin.log
/home/yichen/Desktop/Gemini_Security_Prompt05/F006.c,normal,end_only,True,False,False,0,/home/yichen/Desktop/Gemini_Security_Results05/logs/F006_normal_smoke_end_only.log
/home/yichen/Desktop/Gemini_Security_Prompt05/F006.c,normal,unknown_command,True,False,False,0,/home/yichen/Desktop/Gemini_Security_Results05/logs/F006_normal_smoke_unknown_command.log
/home/yichen/Desktop/Gemini_Security_Prompt05/F006.c,normal,long_line,True,False,False,0,/home/yichen/Desktop/Gemini_Security_Results05/logs/F006_normal_smoke_long_line.log
/home/yichen/Desktop/Gemini_Security_Prompt05/F006.c,normal,format_tokens,True,False,False,0,/home/yichen/Desktop/Gemini_Security_Results05/logs/F006_normal_smoke_format_tokens.log
/home/yichen/Desktop/Gemini_Security_Prompt05/F006.c,normal,many_lines,True,False,False,0,/home/yichen/Desktop/Gemini_Security_Results05/logs/F006_normal_smoke_many_lines.log
/home/yichen/Desktop/Gemini_Security_Prompt05/F006.c,normal,special_chars,True,False,False,0,/home/yichen/Desktop/Gemini_Security_Results05/logs/F006_normal_smoke_special_chars.log
/home/yichen/Desktop/Gemini_Security_Prompt05/F007.c,asan,empty_stdin,True,False,False,0,/home/yichen/Desktop/Gemini_Security_Results05/logs/F007_asan_smoke_empty_stdin.log
/home/yichen/Desktop/Gemini_Security_Prompt05/F007.c,asan,end_only,True,False,False,0,/home/yichen/Desktop/Gemini_Security_Results05/logs/F007_asan_smoke_end_only.log
/home/yichen/Desktop/Gemini_Security_Prompt05/F007.c,asan,unknown_command,True,False,False,0,/home/yichen/Desktop/Gemini_Security_Results05/logs/F007_asan_smoke_unknown_command.log
/home/yichen/Desktop/Gemini_Security_Prompt05/F007.c,asan,long_line,True,False,False,0,/home/yichen/Desktop/Gemini_Security_Results05/logs/F007_asan_smoke_long_line.log
/home/yichen/Desktop/Gemini_Security_Prompt05/F007.c,asan,format_tokens,True,False,False,0,/home/yichen/Desktop/Gemini_Security_Results05/logs/F007_asan_smoke_format_tokens.log
/home/yichen/Desktop/Gemini_Security_Prompt05/F007.c,asan,many_lines,True,False,False,0,/home/yichen/Desktop/Gemini_Security_Results05/logs/F007_asan_smoke_many_lines.log
/home/yichen/Desktop/Gemini_Security_Prompt05/F007.c,asan,special_chars,True,False,False,0,/home/yichen/Desktop/Gemini_Security_Results05/logs/F007_asan_smoke_special_chars.log
/home/yichen/Desktop/Gemini_Security_Prompt05/F007.c,normal,empty_stdin,True,False,False,0,/home/yichen/Desktop/Gemini_Security_Results05/logs/F007_normal_smoke_empty_stdin.log
/home/yichen/Desktop/Gemini_Security_Prompt05/F007.c,normal,end_only,True,False,False,0,/home/yichen/Desktop/Gemini_Security_Results05/logs/F007_normal_smoke_end_only.log
/home/yichen/Desktop/Gemini_Security_Prompt05/F007.c,normal,unknown_command,True,False,False,0,/home/yichen/Desktop/Gemini_Security_Results05/logs/F007_normal_smoke_unknown_command.log
/home/yichen/Desktop/Gemini_Security_Prompt05/F007.c,normal,long_line,True,False,False,0,/home/yichen/Desktop/Gemini_Security_Results05/logs/F007_normal_smoke_long_line.log
/home/yichen/Desktop/Gemini_Security_Prompt05/F007.c,normal,format_tokens,True,False,False,0,/home/yichen/Desktop/Gemini_Security_Results05/logs/F007_normal_smoke_format_tokens.log
/home/yichen/Desktop/Gemini_Security_Prompt05/F007.c,normal,many_lines,True,False,False,0,/home/yichen/Desktop/Gemini_Security_Results05/logs/F007_normal_smoke_many_lines.log
/home/yichen/Desktop/Gemini_Security_Prompt05/F007.c,normal,special_chars,True,False,False,0,/home/yichen/Desktop/Gemini_Security_Results05/logs/F007_normal_smoke_special_chars.log
/home/yichen/Desktop/Gemini_Security_Prompt05/F008.c,asan,empty_stdin,True,False,False,0,/home/yichen/Desktop/Gemini_Security_Results05/logs/F008_asan_smoke_empty_stdin.log
/home/yichen/Desktop/Gemini_Security_Prompt05/F008.c,asan,end_only,True,False,False,0,/home/yichen/Desktop/Gemini_Security_Results05/logs/F008_asan_smoke_end_only.log
/home/yichen/Desktop/Gemini_Security_Prompt05/F008.c,asan,unknown_command,True,False,False,0,/home/yichen/Desktop/Gemini_Security_Results05/logs/F008_asan_smoke_unknown_command.log
/home/yichen/Desktop/Gemini_Security_Prompt05/F008.c,asan,long_line,True,False,False,0,/home/yichen/Desktop/Gemini_Security_Results05/logs/F008_asan_smoke_long_line.log
/home/yichen/Desktop/Gemini_Security_Prompt05/F008.c,asan,format_tokens,True,False,False,0,/home/yichen/Desktop/Gemini_Security_Results05/logs/F008_asan_smoke_format_tokens.log
/home/yichen/Desktop/Gemini_Security_Prompt05/F008.c,asan,many_lines,True,False,False,0,/home/yichen/Desktop/Gemini_Security_Results05/logs/F008_asan_smoke_many_lines.log
/home/yichen/Desktop/Gemini_Security_Prompt05/F008.c,asan,special_chars,True,False,False,0,/home/yichen/Desktop/Gemini_Security_Results05/logs/F008_asan_smoke_special_chars.log
/home/yichen/Desktop/Gemini_Security_Prompt05/F008.c,normal,empty_stdin,True,False,False,0,/home/yichen/Desktop/Gemini_Security_Results05/logs/F008_normal_smoke_empty_stdin.log
/home/yichen/Desktop/Gemini_Security_Prompt05/F008.c,normal,end_only,True,False,False,0,/home/yichen/Desktop/Gemini_Security_Results05/logs/F008_normal_smoke_end_only.log
/home/yichen/Desktop/Gemini_Security_Prompt05/F008.c,normal,unknown_command,True,False,False,0,/home/yichen/Desktop/Gemini_Security_Results05/logs/F008_normal_smoke_unknown_command.log
/home/yichen/Desktop/Gemini_Security_Prompt05/F008.c,normal,long_line,True,False,False,0,/home/yichen/Desktop/Gemini_Security_Results05/logs/F008_normal_smoke_long_line.log
/home/yichen/Desktop/Gemini_Security_Prompt05/F008.c,normal,format_tokens,True,False,False,0,/home/yichen/Desktop/Gemini_Security_Results05/logs/F008_normal_smoke_format_tokens.log
/home/yichen/Desktop/Gemini_Security_Prompt05/F008.c,normal,many_lines,True,False,False,0,/home/yichen/Desktop/Gemini_Security_Results05/logs/F008_normal_smoke_many_lines.log
/home/yichen/Desktop/Gemini_Security_Prompt05/F008.c,normal,special_chars,True,False,False,0,/home/yichen/Desktop/Gemini_Security_Results05/logs/F008_normal_smoke_special_chars.log
/home/yichen/Desktop/Gemini_Security_Prompt05/F009.c,asan,empty_stdin,True,False,False,0,/home/yichen/Desktop/Gemini_Security_Results05/logs/F009_asan_smoke_empty_stdin.log
/home/yichen/Desktop/Gemini_Security_Prompt05/F009.c,asan,end_only,True,False,False,0,/home/yichen/Desktop/Gemini_Security_Results05/logs/F009_asan_smoke_end_only.log
/home/yichen/Desktop/Gemini_Security_Prompt05/F009.c,asan,unknown_command,True,False,False,0,/home/yichen/Desktop/Gemini_Security_Results05/logs/F009_asan_smoke_unknown_command.log
/home/yichen/Desktop/Gemini_Security_Prompt05/F009.c,asan,long_line,True,False,False,0,/home/yichen/Desktop/Gemini_Security_Results05/logs/F009_asan_smoke_long_line.log
/home/yichen/Desktop/Gemini_Security_Prompt05/F009.c,asan,format_tokens,True,False,False,0,/home/yichen/Desktop/Gemini_Security_Results05/logs/F009_asan_smoke_format_tokens.log
/home/yichen/Desktop/Gemini_Security_Prompt05/F009.c,asan,many_lines,True,False,False,0,/home/yichen/Desktop/Gemini_Security_Results05/logs/F009_asan_smoke_many_lines.log
/home/yichen/Desktop/Gemini_Security_Prompt05/F009.c,asan,special_chars,True,False,False,0,/home/yichen/Desktop/Gemini_Security_Results05/logs/F009_asan_smoke_special_chars.log
/home/yichen/Desktop/Gemini_Security_Prompt05/F009.c,normal,empty_stdin,True,False,False,0,/home/yichen/Desktop/Gemini_Security_Results05/logs/F009_normal_smoke_empty_stdin.log
/home/yichen/Desktop/Gemini_Security_Prompt05/F009.c,normal,end_only,True,False,False,0,/home/yichen/Desktop/Gemini_Security_Results05/logs/F009_normal_smoke_end_only.log
/home/yichen/Desktop/Gemini_Security_Prompt05/F009.c,normal,unknown_command,True,False,False,0,/home/yichen/Desktop/Gemini_Security_Results05/logs/F009_normal_smoke_unknown_command.log
/home/yichen/Desktop/Gemini_Security_Prompt05/F009.c,normal,long_line,True,False,False,0,/home/yichen/Desktop/Gemini_Security_Results05/logs/F009_normal_smoke_long_line.log
/home/yichen/Desktop/Gemini_Security_Prompt05/F009.c,normal,format_tokens,True,False,False,0,/home/yichen/Desktop/Gemini_Security_Results05/logs/F009_normal_smoke_format_tokens.log
/home/yichen/Desktop/Gemini_Security_Prompt05/F009.c,normal,many_lines,True,False,False,0,/home/yichen/Desktop/Gemini_Security_Results05/logs/F009_normal_smoke_many_lines.log
/home/yichen/Desktop/Gemini_Security_Prompt05/F009.c,normal,special_chars,True,False,False,0,/home/yichen/Desktop/Gemini_Security_Results05/logs/F009_normal_smoke_special_chars.log
/home/yichen/Desktop/Gemini_Security_Prompt05/F010.c,asan,empty_stdin,True,False,False,0,/home/yichen/Desktop/Gemini_Security_Results05/logs/F010_asan_smoke_empty_stdin.log
/home/yichen/Desktop/Gemini_Security_Prompt05/F010.c,asan,end_only,True,False,False,0,/home/yichen/Desktop/Gemini_Security_Results05/logs/F010_asan_smoke_end_only.log
/home/yichen/Desktop/Gemini_Security_Prompt05/F010.c,asan,unknown_command,True,False,False,0,/home/yichen/Desktop/Gemini_Security_Results05/logs/F010_asan_smoke_unknown_command.log
/home/yichen/Desktop/Gemini_Security_Prompt05/F010.c,asan,long_line,True,False,False,0,/home/yichen/Desktop/Gemini_Security_Results05/logs/F010_asan_smoke_long_line.log
/home/yichen/Desktop/Gemini_Security_Prompt05/F010.c,asan,format_tokens,True,False,False,0,/home/yichen/Desktop/Gemini_Security_Results05/logs/F010_asan_smoke_format_tokens.log
/home/yichen/Desktop/Gemini_Security_Prompt05/F010.c,asan,many_lines,True,False,False,0,/home/yichen/Desktop/Gemini_Security_Results05/logs/F010_asan_smoke_many_lines.log
/home/yichen/Desktop/Gemini_Security_Prompt05/F010.c,asan,special_chars,True,False,False,0,/home/yichen/Desktop/Gemini_Security_Results05/logs/F010_asan_smoke_special_chars.log
/home/yichen/Desktop/Gemini_Security_Prompt05/F010.c,normal,empty_stdin,True,False,False,0,/home/yichen/Desktop/Gemini_Security_Results05/logs/F010_normal_smoke_empty_stdin.log
/home/yichen/Desktop/Gemini_Security_Prompt05/F010.c,normal,end_only,True,False,False,0,/home/yichen/Desktop/Gemini_Security_Results05/logs/F010_normal_smoke_end_only.log
/home/yichen/Desktop/Gemini_Security_Prompt05/F010.c,normal,unknown_command,True,False,False,0,/home/yichen/Desktop/Gemini_Security_Results05/logs/F010_normal_smoke_unknown_command.log
/home/yichen/Desktop/Gemini_Security_Prompt05/F010.c,normal,long_line,True,False,False,0,/home/yichen/Desktop/Gemini_Security_Results05/logs/F010_normal_smoke_long_line.log
/home/yichen/Desktop/Gemini_Security_Prompt05/F010.c,normal,format_tokens,True,False,False,0,/home/yichen/Desktop/Gemini_Security_Results05/logs/F010_normal_smoke_format_tokens.log
/home/yichen/Desktop/Gemini_Security_Prompt05/F010.c,normal,many_lines,True,False,False,0,/home/yichen/Desktop/Gemini_Security_Results05/logs/F010_normal_smoke_many_lines.log
/home/yichen/Desktop/Gemini_Security_Prompt05/F010.c,normal,special_chars,True,False,False,0,/home/yichen/Desktop/Gemini_Security_Results05/logs/F010_normal_smoke_special_chars.log
/home/yichen/Desktop/Gemini_Security_Prompt05/F011.c,asan,empty_stdin,True,False,False,0,/home/yichen/Desktop/Gemini_Security_Results05/logs/F011_asan_smoke_empty_stdin.log
/home/yichen/Desktop/Gemini_Security_Prompt05/F011.c,asan,end_only,True,False,False,0,/home/yichen/Desktop/Gemini_Security_Results05/logs/F011_asan_smoke_end_only.log
/home/yichen/Desktop/Gemini_Security_Prompt05/F011.c,asan,unknown_command,True,False,False,0,/home/yichen/Desktop/Gemini_Security_Results05/logs/F011_asan_smoke_unknown_command.log
/home/yichen/Desktop/Gemini_Security_Prompt05/F011.c,asan,long_line,True,False,False,0,/home/yichen/Desktop/Gemini_Security_Results05/logs/F011_asan_smoke_long_line.log
/home/yichen/Desktop/Gemini_Security_Prompt05/F011.c,asan,format_tokens,True,False,False,0,/home/yichen/Desktop/Gemini_Security_Results05/logs/F011_asan_smoke_format_tokens.log
/home/yichen/Desktop/Gemini_Security_Prompt05/F011.c,asan,many_lines,True,False,False,0,/home/yichen/Desktop/Gemini_Security_Results05/logs/F011_asan_smoke_many_lines.log
/home/yichen/Desktop/Gemini_Security_Prompt05/F011.c,asan,special_chars,True,False,False,0,/home/yichen/Desktop/Gemini_Security_Results05/logs/F011_asan_smoke_special_chars.log
/home/yichen/Desktop/Gemini_Security_Prompt05/F011.c,normal,empty_stdin,True,False,False,0,/home/yichen/Desktop/Gemini_Security_Results05/logs/F011_normal_smoke_empty_stdin.log
/home/yichen/Desktop/Gemini_Security_Prompt05/F011.c,normal,end_only,True,False,False,0,/home/yichen/Desktop/Gemini_Security_Results05/logs/F011_normal_smoke_end_only.log
/home/yichen/Desktop/Gemini_Security_Prompt05/F011.c,normal,unknown_command,True,False,False,0,/home/yichen/Desktop/Gemini_Security_Results05/logs/F011_normal_smoke_unknown_command.log
/home/yichen/Desktop/Gemini_Security_Prompt05/F011.c,normal,long_line,True,False,False,0,/home/yichen/Desktop/Gemini_Security_Results05/logs/F011_normal_smoke_long_line.log
/home/yichen/Desktop/Gemini_Security_Prompt05/F011.c,normal,format_tokens,True,False,False,0,/home/yichen/Desktop/Gemini_Security_Results05/logs/F011_normal_smoke_format_tokens.log
/home/yichen/Desktop/Gemini_Security_Prompt05/F011.c,normal,many_lines,True,False,False,0,/home/yichen/Desktop/Gemini_Security_Results05/logs/F011_normal_smoke_many_lines.log
/home/yichen/Desktop/Gemini_Security_Prompt05/F011.c,normal,special_chars,True,False,False,0,/home/yichen/Desktop/Gemini_Security_Results05/logs/F011_normal_smoke_special_chars.log
/home/yichen/Desktop/Gemini_Security_Prompt05/F012.c,asan,empty_stdin,True,False,False,0,/home/yichen/Desktop/Gemini_Security_Results05/logs/F012_asan_smoke_empty_stdin.log
/home/yichen/Desktop/Gemini_Security_Prompt05/F012.c,asan,end_only,True,False,False,0,/home/yichen/Desktop/Gemini_Security_Results05/logs/F012_asan_smoke_end_only.log
/home/yichen/Desktop/Gemini_Security_Prompt05/F012.c,asan,unknown_command,True,False,False,0,/home/yichen/Desktop/Gemini_Security_Results05/logs/F012_asan_smoke_unknown_command.log
/home/yichen/Desktop/Gemini_Security_Prompt05/F012.c,asan,long_line,True,False,False,0,/home/yichen/Desktop/Gemini_Security_Results05/logs/F012_asan_smoke_long_line.log
/home/yichen/Desktop/Gemini_Security_Prompt05/F012.c,asan,format_tokens,True,False,False,0,/home/yichen/Desktop/Gemini_Security_Results05/logs/F012_asan_smoke_format_tokens.log
/home/yichen/Desktop/Gemini_Security_Prompt05/F012.c,asan,many_lines,True,False,False,0,/home/yichen/Desktop/Gemini_Security_Results05/logs/F012_asan_smoke_many_lines.log
/home/yichen/Desktop/Gemini_Security_Prompt05/F012.c,asan,special_chars,True,False,False,0,/home/yichen/Desktop/Gemini_Security_Results05/logs/F012_asan_smoke_special_chars.log
/home/yichen/Desktop/Gemini_Security_Prompt05/F012.c,normal,empty_stdin,True,False,False,0,/home/yichen/Desktop/Gemini_Security_Results05/logs/F012_normal_smoke_empty_stdin.log
/home/yichen/Desktop/Gemini_Security_Prompt05/F012.c,normal,end_only,True,False,False,0,/home/yichen/Desktop/Gemini_Security_Results05/logs/F012_normal_smoke_end_only.log
/home/yichen/Desktop/Gemini_Security_Prompt05/F012.c,normal,unknown_command,True,False,False,0,/home/yichen/Desktop/Gemini_Security_Results05/logs/F012_normal_smoke_unknown_command.log
/home/yichen/Desktop/Gemini_Security_Prompt05/F012.c,normal,long_line,True,False,False,0,/home/yichen/Desktop/Gemini_Security_Results05/logs/F012_normal_smoke_long_line.log
/home/yichen/Desktop/Gemini_Security_Prompt05/F012.c,normal,format_tokens,True,False,False,0,/home/yichen/Desktop/Gemini_Security_Results05/logs/F012_normal_smoke_format_tokens.log
/home/yichen/Desktop/Gemini_Security_Prompt05/F012.c,normal,many_lines,True,False,False,0,/home/yichen/Desktop/Gemini_Security_Results05/logs/F012_normal_smoke_many_lines.log
/home/yichen/Desktop/Gemini_Security_Prompt05/F012.c,normal,special_chars,True,False,False,0,/home/yichen/Desktop/Gemini_Security_Results05/logs/F012_normal_smoke_special_chars.log
/home/yichen/Desktop/Gemini_Security_Prompt05/F013.c,asan,empty_stdin,True,False,False,0,/home/yichen/Desktop/Gemini_Security_Results05/logs/F013_asan_smoke_empty_stdin.log
/home/yichen/Desktop/Gemini_Security_Prompt05/F013.c,asan,end_only,True,False,False,0,/home/yichen/Desktop/Gemini_Security_Results05/logs/F013_asan_smoke_end_only.log
/home/yichen/Desktop/Gemini_Security_Prompt05/F013.c,asan,unknown_command,True,False,False,0,/home/yichen/Desktop/Gemini_Security_Results05/logs/F013_asan_smoke_unknown_command.log
/home/yichen/Desktop/Gemini_Security_Prompt05/F013.c,asan,long_line,True,False,False,0,/home/yichen/Desktop/Gemini_Security_Results05/logs/F013_asan_smoke_long_line.log
/home/yichen/Desktop/Gemini_Security_Prompt05/F013.c,asan,format_tokens,True,False,False,0,/home/yichen/Desktop/Gemini_Security_Results05/logs/F013_asan_smoke_format_tokens.log
/home/yichen/Desktop/Gemini_Security_Prompt05/F013.c,asan,many_lines,True,False,False,0,/home/yichen/Desktop/Gemini_Security_Results05/logs/F013_asan_smoke_many_lines.log
/home/yichen/Desktop/Gemini_Security_Prompt05/F013.c,asan,special_chars,True,False,False,0,/home/yichen/Desktop/Gemini_Security_Results05/logs/F013_asan_smoke_special_chars.log
/home/yichen/Desktop/Gemini_Security_Prompt05/F013.c,normal,empty_stdin,True,False,False,0,/home/yichen/Desktop/Gemini_Security_Results05/logs/F013_normal_smoke_empty_stdin.log
/home/yichen/Desktop/Gemini_Security_Prompt05/F013.c,normal,end_only,True,False,False,0,/home/yichen/Desktop/Gemini_Security_Results05/logs/F013_normal_smoke_end_only.log
/home/yichen/Desktop/Gemini_Security_Prompt05/F013.c,normal,unknown_command,True,False,False,0,/home/yichen/Desktop/Gemini_Security_Results05/logs/F013_normal_smoke_unknown_command.log
/home/yichen/Desktop/Gemini_Security_Prompt05/F013.c,normal,long_line,True,False,False,0,/home/yichen/Desktop/Gemini_Security_Results05/logs/F013_normal_smoke_long_line.log
/home/yichen/Desktop/Gemini_Security_Prompt05/F013.c,normal,format_tokens,True,False,False,0,/home/yichen/Desktop/Gemini_Security_Results05/logs/F013_normal_smoke_format_tokens.log
/home/yichen/Desktop/Gemini_Security_Prompt05/F013.c,normal,many_lines,True,False,False,0,/home/yichen/Desktop/Gemini_Security_Results05/logs/F013_normal_smoke_many_lines.log
/home/yichen/Desktop/Gemini_Security_Prompt05/F013.c,normal,special_chars,True,False,False,0,/home/yichen/Desktop/Gemini_Security_Results05/logs/F013_normal_smoke_special_chars.log
/home/yichen/Desktop/Gemini_Security_Prompt05/F014.c,asan,empty_stdin,True,False,False,0,/home/yichen/Desktop/Gemini_Security_Results05/logs/F014_asan_smoke_empty_stdin.log
/home/yichen/Desktop/Gemini_Security_Prompt05/F014.c,asan,end_only,True,False,False,0,/home/yichen/Desktop/Gemini_Security_Results05/logs/F014_asan_smoke_end_only.log
/home/yichen/Desktop/Gemini_Security_Prompt05/F014.c,asan,unknown_command,True,False,False,0,/home/yichen/Desktop/Gemini_Security_Results05/logs/F014_asan_smoke_unknown_command.log
/home/yichen/Desktop/Gemini_Security_Prompt05/F014.c,asan,long_line,True,False,False,0,/home/yichen/Desktop/Gemini_Security_Results05/logs/F014_asan_smoke_long_line.log
/home/yichen/Desktop/Gemini_Security_Prompt05/F014.c,asan,format_tokens,True,False,False,0,/home/yichen/Desktop/Gemini_Security_Results05/logs/F014_asan_smoke_format_tokens.log
/home/yichen/Desktop/Gemini_Security_Prompt05/F014.c,asan,many_lines,True,False,False,0,/home/yichen/Desktop/Gemini_Security_Results05/logs/F014_asan_smoke_many_lines.log
/home/yichen/Desktop/Gemini_Security_Prompt05/F014.c,asan,special_chars,True,False,False,0,/home/yichen/Desktop/Gemini_Security_Results05/logs/F014_asan_smoke_special_chars.log
/home/yichen/Desktop/Gemini_Security_Prompt05/F014.c,normal,empty_stdin,True,False,False,0,/home/yichen/Desktop/Gemini_Security_Results05/logs/F014_normal_smoke_empty_stdin.log
/home/yichen/Desktop/Gemini_Security_Prompt05/F014.c,normal,end_only,True,False,False,0,/home/yichen/Desktop/Gemini_Security_Results05/logs/F014_normal_smoke_end_only.log
/home/yichen/Desktop/Gemini_Security_Prompt05/F014.c,normal,unknown_command,True,False,False,0,/home/yichen/Desktop/Gemini_Security_Results05/logs/F014_normal_smoke_unknown_command.log
/home/yichen/Desktop/Gemini_Security_Prompt05/F014.c,normal,long_line,True,False,False,0,/home/yichen/Desktop/Gemini_Security_Results05/logs/F014_normal_smoke_long_line.log
/home/yichen/Desktop/Gemini_Security_Prompt05/F014.c,normal,format_tokens,True,False,False,0,/home/yichen/Desktop/Gemini_Security_Results05/logs/F014_normal_smoke_format_tokens.log
/home/yichen/Desktop/Gemini_Security_Prompt05/F014.c,normal,many_lines,True,False,False,0,/home/yichen/Desktop/Gemini_Security_Results05/logs/F014_normal_smoke_many_lines.log
/home/yichen/Desktop/Gemini_Security_Prompt05/F014.c,normal,special_chars,True,False,False,0,/home/yichen/Desktop/Gemini_Security_Results05/logs/F014_normal_smoke_special_chars.log
/home/yichen/Desktop/Gemini_Security_Prompt05/F015.c,asan,empty_stdin,True,False,False,0,/home/yichen/Desktop/Gemini_Security_Results05/logs/F015_asan_smoke_empty_stdin.log
/home/yichen/Desktop/Gemini_Security_Prompt05/F015.c,asan,end_only,True,False,False,0,/home/yichen/Desktop/Gemini_Security_Results05/logs/F015_asan_smoke_end_only.log
/home/yichen/Desktop/Gemini_Security_Prompt05/F015.c,asan,unknown_command,True,False,False,0,/home/yichen/Desktop/Gemini_Security_Results05/logs/F015_asan_smoke_unknown_command.log
/home/yichen/Desktop/Gemini_Security_Prompt05/F015.c,asan,long_line,True,False,False,0,/home/yichen/Desktop/Gemini_Security_Results05/logs/F015_asan_smoke_long_line.log
/home/yichen/Desktop/Gemini_Security_Prompt05/F015.c,asan,format_tokens,True,False,False,0,/home/yichen/Desktop/Gemini_Security_Results05/logs/F015_asan_smoke_format_tokens.log
/home/yichen/Desktop/Gemini_Security_Prompt05/F015.c,asan,many_lines,True,False,False,0,/home/yichen/Desktop/Gemini_Security_Results05/logs/F015_asan_smoke_many_lines.log
/home/yichen/Desktop/Gemini_Security_Prompt05/F015.c,asan,special_chars,True,False,False,0,/home/yichen/Desktop/Gemini_Security_Results05/logs/F015_asan_smoke_special_chars.log
/home/yichen/Desktop/Gemini_Security_Prompt05/F015.c,normal,empty_stdin,True,False,False,0,/home/yichen/Desktop/Gemini_Security_Results05/logs/F015_normal_smoke_empty_stdin.log
/home/yichen/Desktop/Gemini_Security_Prompt05/F015.c,normal,end_only,True,False,False,0,/home/yichen/Desktop/Gemini_Security_Results05/logs/F015_normal_smoke_end_only.log
/home/yichen/Desktop/Gemini_Security_Prompt05/F015.c,normal,unknown_command,True,False,False,0,/home/yichen/Desktop/Gemini_Security_Results05/logs/F015_normal_smoke_unknown_command.log
/home/yichen/Desktop/Gemini_Security_Prompt05/F015.c,normal,long_line,True,False,False,0,/home/yichen/Desktop/Gemini_Security_Results05/logs/F015_normal_smoke_long_line.log
/home/yichen/Desktop/Gemini_Security_Prompt05/F015.c,normal,format_tokens,True,False,False,0,/home/yichen/Desktop/Gemini_Security_Results05/logs/F015_normal_smoke_format_tokens.log
/home/yichen/Desktop/Gemini_Security_Prompt05/F015.c,normal,many_lines,True,False,False,0,/home/yichen/Desktop/Gemini_Security_Results05/logs/F015_normal_smoke_many_lines.log
/home/yichen/Desktop/Gemini_Security_Prompt05/F015.c,normal,special_chars,True,False,False,0,/home/yichen/Desktop/Gemini_Security_Results05/logs/F015_normal_smoke_special_chars.log
/home/yichen/Desktop/Gemini_Security_Prompt05/F016.c,asan,empty_stdin,True,False,False,1,/home/yichen/Desktop/Gemini_Security_Results05/logs/F016_asan_smoke_empty_stdin.log
/home/yichen/Desktop/Gemini_Security_Prompt05/F016.c,asan,end_only,True,False,False,1,/home/yichen/Desktop/Gemini_Security_Results05/logs/F016_asan_smoke_end_only.log
/home/yichen/Desktop/Gemini_Security_Prompt05/F016.c,asan,unknown_command,True,False,False,1,/home/yichen/Desktop/Gemini_Security_Results05/logs/F016_asan_smoke_unknown_command.log
/home/yichen/Desktop/Gemini_Security_Prompt05/F016.c,asan,long_line,True,False,False,1,/home/yichen/Desktop/Gemini_Security_Results05/logs/F016_asan_smoke_long_line.log
/home/yichen/Desktop/Gemini_Security_Prompt05/F016.c,asan,format_tokens,True,False,False,1,/home/yichen/Desktop/Gemini_Security_Results05/logs/F016_asan_smoke_format_tokens.log
/home/yichen/Desktop/Gemini_Security_Prompt05/F016.c,asan,many_lines,True,False,False,1,/home/yichen/Desktop/Gemini_Security_Results05/logs/F016_asan_smoke_many_lines.log
/home/yichen/Desktop/Gemini_Security_Prompt05/F016.c,asan,special_chars,True,False,False,1,/home/yichen/Desktop/Gemini_Security_Results05/logs/F016_asan_smoke_special_chars.log
/home/yichen/Desktop/Gemini_Security_Prompt05/F016.c,normal,empty_stdin,True,False,False,1,/home/yichen/Desktop/Gemini_Security_Results05/logs/F016_normal_smoke_empty_stdin.log
/home/yichen/Desktop/Gemini_Security_Prompt05/F016.c,normal,end_only,True,False,False,1,/home/yichen/Desktop/Gemini_Security_Results05/logs/F016_normal_smoke_end_only.log
/home/yichen/Desktop/Gemini_Security_Prompt05/F016.c,normal,unknown_command,True,False,False,1,/home/yichen/Desktop/Gemini_Security_Results05/logs/F016_normal_smoke_unknown_command.log
/home/yichen/Desktop/Gemini_Security_Prompt05/F016.c,normal,long_line,True,False,False,1,/home/yichen/Desktop/Gemini_Security_Results05/logs/F016_normal_smoke_long_line.log
/home/yichen/Desktop/Gemini_Security_Prompt05/F016.c,normal,format_tokens,True,False,False,1,/home/yichen/Desktop/Gemini_Security_Results05/logs/F016_normal_smoke_format_tokens.log
/home/yichen/Desktop/Gemini_Security_Prompt05/F016.c,normal,many_lines,True,False,False,1,/home/yichen/Desktop/Gemini_Security_Results05/logs/F016_normal_smoke_many_lines.log
/home/yichen/Desktop/Gemini_Security_Prompt05/F016.c,normal,special_chars,True,False,False,1,/home/yichen/Desktop/Gemini_Security_Results05/logs/F016_normal_smoke_special_chars.log
/home/yichen/Desktop/Gemini_Security_Prompt05/F017.c,asan,empty_stdin,True,False,False,1,/home/yichen/Desktop/Gemini_Security_Results05/logs/F017_asan_smoke_empty_stdin.log
/home/yichen/Desktop/Gemini_Security_Prompt05/F017.c,asan,end_only,True,False,False,1,/home/yichen/Desktop/Gemini_Security_Results05/logs/F017_asan_smoke_end_only.log
/home/yichen/Desktop/Gemini_Security_Prompt05/F017.c,asan,unknown_command,True,False,False,1,/home/yichen/Desktop/Gemini_Security_Results05/logs/F017_asan_smoke_unknown_command.log
/home/yichen/Desktop/Gemini_Security_Prompt05/F017.c,asan,long_line,True,False,False,1,/home/yichen/Desktop/Gemini_Security_Results05/logs/F017_asan_smoke_long_line.log
/home/yichen/Desktop/Gemini_Security_Prompt05/F017.c,asan,format_tokens,True,False,False,1,/home/yichen/Desktop/Gemini_Security_Results05/logs/F017_asan_smoke_format_tokens.log
/home/yichen/Desktop/Gemini_Security_Prompt05/F017.c,asan,many_lines,True,False,False,1,/home/yichen/Desktop/Gemini_Security_Results05/logs/F017_asan_smoke_many_lines.log
/home/yichen/Desktop/Gemini_Security_Prompt05/F017.c,asan,special_chars,True,False,False,1,/home/yichen/Desktop/Gemini_Security_Results05/logs/F017_asan_smoke_special_chars.log
/home/yichen/Desktop/Gemini_Security_Prompt05/F017.c,normal,empty_stdin,True,False,False,1,/home/yichen/Desktop/Gemini_Security_Results05/logs/F017_normal_smoke_empty_stdin.log
/home/yichen/Desktop/Gemini_Security_Prompt05/F017.c,normal,end_only,True,False,False,1,/home/yichen/Desktop/Gemini_Security_Results05/logs/F017_normal_smoke_end_only.log
/home/yichen/Desktop/Gemini_Security_Prompt05/F017.c,normal,unknown_command,True,False,False,1,/home/yichen/Desktop/Gemini_Security_Results05/logs/F017_normal_smoke_unknown_command.log
/home/yichen/Desktop/Gemini_Security_Prompt05/F017.c,normal,long_line,True,False,False,1,/home/yichen/Desktop/Gemini_Security_Results05/logs/F017_normal_smoke_long_line.log
/home/yichen/Desktop/Gemini_Security_Prompt05/F017.c,normal,format_tokens,True,False,False,1,/home/yichen/Desktop/Gemini_Security_Results05/logs/F017_normal_smoke_format_tokens.log
/home/yichen/Desktop/Gemini_Security_Prompt05/F017.c,normal,many_lines,True,False,False,1,/home/yichen/Desktop/Gemini_Security_Results05/logs/F017_normal_smoke_many_lines.log
/home/yichen/Desktop/Gemini_Security_Prompt05/F017.c,normal,special_chars,True,False,False,1,/home/yichen/Desktop/Gemini_Security_Results05/logs/F017_normal_smoke_special_chars.log
/home/yichen/Desktop/Gemini_Security_Prompt05/F018.c,asan,empty_stdin,True,False,False,0,/home/yichen/Desktop/Gemini_Security_Results05/logs/F018_asan_smoke_empty_stdin.log
/home/yichen/Desktop/Gemini_Security_Prompt05/F018.c,asan,end_only,True,False,False,0,/home/yichen/Desktop/Gemini_Security_Results05/logs/F018_asan_smoke_end_only.log
/home/yichen/Desktop/Gemini_Security_Prompt05/F018.c,asan,unknown_command,True,False,False,0,/home/yichen/Desktop/Gemini_Security_Results05/logs/F018_asan_smoke_unknown_command.log
/home/yichen/Desktop/Gemini_Security_Prompt05/F018.c,asan,long_line,True,False,False,0,/home/yichen/Desktop/Gemini_Security_Results05/logs/F018_asan_smoke_long_line.log
/home/yichen/Desktop/Gemini_Security_Prompt05/F018.c,asan,format_tokens,True,False,False,0,/home/yichen/Desktop/Gemini_Security_Results05/logs/F018_asan_smoke_format_tokens.log
/home/yichen/Desktop/Gemini_Security_Prompt05/F018.c,asan,many_lines,True,False,False,0,/home/yichen/Desktop/Gemini_Security_Results05/logs/F018_asan_smoke_many_lines.log
/home/yichen/Desktop/Gemini_Security_Prompt05/F018.c,asan,special_chars,True,False,False,0,/home/yichen/Desktop/Gemini_Security_Results05/logs/F018_asan_smoke_special_chars.log
/home/yichen/Desktop/Gemini_Security_Prompt05/F018.c,normal,empty_stdin,True,False,False,0,/home/yichen/Desktop/Gemini_Security_Results05/logs/F018_normal_smoke_empty_stdin.log
/home/yichen/Desktop/Gemini_Security_Prompt05/F018.c,normal,end_only,True,False,False,0,/home/yichen/Desktop/Gemini_Security_Results05/logs/F018_normal_smoke_end_only.log
/home/yichen/Desktop/Gemini_Security_Prompt05/F018.c,normal,unknown_command,True,False,False,0,/home/yichen/Desktop/Gemini_Security_Results05/logs/F018_normal_smoke_unknown_command.log
/home/yichen/Desktop/Gemini_Security_Prompt05/F018.c,normal,long_line,True,False,False,0,/home/yichen/Desktop/Gemini_Security_Results05/logs/F018_normal_smoke_long_line.log
/home/yichen/Desktop/Gemini_Security_Prompt05/F018.c,normal,format_tokens,True,False,False,0,/home/yichen/Desktop/Gemini_Security_Results05/logs/F018_normal_smoke_format_tokens.log
/home/yichen/Desktop/Gemini_Security_Prompt05/F018.c,normal,many_lines,True,False,False,0,/home/yichen/Desktop/Gemini_Security_Results05/logs/F018_normal_smoke_many_lines.log
/home/yichen/Desktop/Gemini_Security_Prompt05/F018.c,normal,special_chars,True,False,False,0,/home/yichen/Desktop/Gemini_Security_Results05/logs/F018_normal_smoke_special_chars.log
/home/yichen/Desktop/Gemini_Security_Prompt05/F019.c,asan,empty_stdin,True,False,False,1,/home/yichen/Desktop/Gemini_Security_Results05/logs/F019_asan_smoke_empty_stdin.log
/home/yichen/Desktop/Gemini_Security_Prompt05/F019.c,asan,end_only,True,False,False,1,/home/yichen/Desktop/Gemini_Security_Results05/logs/F019_asan_smoke_end_only.log
/home/yichen/Desktop/Gemini_Security_Prompt05/F019.c,asan,unknown_command,True,False,False,1,/home/yichen/Desktop/Gemini_Security_Results05/logs/F019_asan_smoke_unknown_command.log
/home/yichen/Desktop/Gemini_Security_Prompt05/F019.c,asan,long_line,True,False,False,1,/home/yichen/Desktop/Gemini_Security_Results05/logs/F019_asan_smoke_long_line.log
/home/yichen/Desktop/Gemini_Security_Prompt05/F019.c,asan,format_tokens,True,False,False,1,/home/yichen/Desktop/Gemini_Security_Results05/logs/F019_asan_smoke_format_tokens.log
/home/yichen/Desktop/Gemini_Security_Prompt05/F019.c,asan,many_lines,True,False,False,1,/home/yichen/Desktop/Gemini_Security_Results05/logs/F019_asan_smoke_many_lines.log
/home/yichen/Desktop/Gemini_Security_Prompt05/F019.c,asan,special_chars,True,False,False,1,/home/yichen/Desktop/Gemini_Security_Results05/logs/F019_asan_smoke_special_chars.log
/home/yichen/Desktop/Gemini_Security_Prompt05/F019.c,normal,empty_stdin,True,False,False,1,/home/yichen/Desktop/Gemini_Security_Results05/logs/F019_normal_smoke_empty_stdin.log
/home/yichen/Desktop/Gemini_Security_Prompt05/F019.c,normal,end_only,True,False,False,1,/home/yichen/Desktop/Gemini_Security_Results05/logs/F019_normal_smoke_end_only.log
/home/yichen/Desktop/Gemini_Security_Prompt05/F019.c,normal,unknown_command,True,False,False,1,/home/yichen/Desktop/Gemini_Security_Results05/logs/F019_normal_smoke_unknown_command.log
/home/yichen/Desktop/Gemini_Security_Prompt05/F019.c,normal,long_line,True,False,False,1,/home/yichen/Desktop/Gemini_Security_Results05/logs/F019_normal_smoke_long_line.log
/home/yichen/Desktop/Gemini_Security_Prompt05/F019.c,normal,format_tokens,True,False,False,1,/home/yichen/Desktop/Gemini_Security_Results05/logs/F019_normal_smoke_format_tokens.log
/home/yichen/Desktop/Gemini_Security_Prompt05/F019.c,normal,many_lines,True,False,False,1,/home/yichen/Desktop/Gemini_Security_Results05/logs/F019_normal_smoke_many_lines.log
/home/yichen/Desktop/Gemini_Security_Prompt05/F019.c,normal,special_chars,True,False,False,1,/home/yichen/Desktop/Gemini_Security_Results05/logs/F019_normal_smoke_special_chars.log
/home/yichen/Desktop/Gemini_Security_Prompt05/F020.c,asan,empty_stdin,True,False,False,1,/home/yichen/Desktop/Gemini_Security_Results05/logs/F020_asan_smoke_empty_stdin.log
/home/yichen/Desktop/Gemini_Security_Prompt05/F020.c,asan,end_only,True,False,False,1,/home/yichen/Desktop/Gemini_Security_Results05/logs/F020_asan_smoke_end_only.log
/home/yichen/Desktop/Gemini_Security_Prompt05/F020.c,asan,unknown_command,True,False,False,1,/home/yichen/Desktop/Gemini_Security_Results05/logs/F020_asan_smoke_unknown_command.log
/home/yichen/Desktop/Gemini_Security_Prompt05/F020.c,asan,long_line,True,False,False,1,/home/yichen/Desktop/Gemini_Security_Results05/logs/F020_asan_smoke_long_line.log
/home/yichen/Desktop/Gemini_Security_Prompt05/F020.c,asan,format_tokens,True,False,False,1,/home/yichen/Desktop/Gemini_Security_Results05/logs/F020_asan_smoke_format_tokens.log
/home/yichen/Desktop/Gemini_Security_Prompt05/F020.c,asan,many_lines,True,False,False,1,/home/yichen/Desktop/Gemini_Security_Results05/logs/F020_asan_smoke_many_lines.log
/home/yichen/Desktop/Gemini_Security_Prompt05/F020.c,asan,special_chars,True,False,False,1,/home/yichen/Desktop/Gemini_Security_Results05/logs/F020_asan_smoke_special_chars.log
/home/yichen/Desktop/Gemini_Security_Prompt05/F020.c,normal,empty_stdin,True,False,False,1,/home/yichen/Desktop/Gemini_Security_Results05/logs/F020_normal_smoke_empty_stdin.log
/home/yichen/Desktop/Gemini_Security_Prompt05/F020.c,normal,end_only,True,False,False,1,/home/yichen/Desktop/Gemini_Security_Results05/logs/F020_normal_smoke_end_only.log
/home/yichen/Desktop/Gemini_Security_Prompt05/F020.c,normal,unknown_command,True,False,False,1,/home/yichen/Desktop/Gemini_Security_Results05/logs/F020_normal_smoke_unknown_command.log
/home/yichen/Desktop/Gemini_Security_Prompt05/F020.c,normal,long_line,True,False,False,1,/home/yichen/Desktop/Gemini_Security_Results05/logs/F020_normal_smoke_long_line.log
/home/yichen/Desktop/Gemini_Security_Prompt05/F020.c,normal,format_tokens,True,False,False,1,/home/yichen/Desktop/Gemini_Security_Results05/logs/F020_normal_smoke_format_tokens.log
/home/yichen/Desktop/Gemini_Security_Prompt05/F020.c,normal,many_lines,True,False,False,1,/home/yichen/Desktop/Gemini_Security_Results05/logs/F020_normal_smoke_many_lines.log
/home/yichen/Desktop/Gemini_Security_Prompt05/F020.c,normal,special_chars,True,False,False,1,/home/yichen/Desktop/Gemini_Security_Results05/logs/F020_normal_smoke_special_chars.log
/home/yichen/Desktop/Gemini_Security_Prompt05/F021.c,asan,empty_stdin,True,False,False,0,/home/yichen/Desktop/Gemini_Security_Results05/logs/F021_asan_smoke_empty_stdin.log
/home/yichen/Desktop/Gemini_Security_Prompt05/F021.c,asan,end_only,True,False,False,0,/home/yichen/Desktop/Gemini_Security_Results05/logs/F021_asan_smoke_end_only.log
/home/yichen/Desktop/Gemini_Security_Prompt05/F021.c,asan,unknown_command,True,False,False,0,/home/yichen/Desktop/Gemini_Security_Results05/logs/F021_asan_smoke_unknown_command.log
/home/yichen/Desktop/Gemini_Security_Prompt05/F021.c,asan,long_line,True,False,False,0,/home/yichen/Desktop/Gemini_Security_Results05/logs/F021_asan_smoke_long_line.log
/home/yichen/Desktop/Gemini_Security_Prompt05/F021.c,asan,format_tokens,True,False,False,0,/home/yichen/Desktop/Gemini_Security_Results05/logs/F021_asan_smoke_format_tokens.log
/home/yichen/Desktop/Gemini_Security_Prompt05/F021.c,asan,many_lines,True,False,False,0,/home/yichen/Desktop/Gemini_Security_Results05/logs/F021_asan_smoke_many_lines.log
/home/yichen/Desktop/Gemini_Security_Prompt05/F021.c,asan,special_chars,True,False,False,0,/home/yichen/Desktop/Gemini_Security_Results05/logs/F021_asan_smoke_special_chars.log
/home/yichen/Desktop/Gemini_Security_Prompt05/F021.c,normal,empty_stdin,True,False,False,0,/home/yichen/Desktop/Gemini_Security_Results05/logs/F021_normal_smoke_empty_stdin.log
/home/yichen/Desktop/Gemini_Security_Prompt05/F021.c,normal,end_only,True,False,False,0,/home/yichen/Desktop/Gemini_Security_Results05/logs/F021_normal_smoke_end_only.log
/home/yichen/Desktop/Gemini_Security_Prompt05/F021.c,normal,unknown_command,True,False,False,0,/home/yichen/Desktop/Gemini_Security_Results05/logs/F021_normal_smoke_unknown_command.log
/home/yichen/Desktop/Gemini_Security_Prompt05/F021.c,normal,long_line,True,False,False,0,/home/yichen/Desktop/Gemini_Security_Results05/logs/F021_normal_smoke_long_line.log
/home/yichen/Desktop/Gemini_Security_Prompt05/F021.c,normal,format_tokens,True,False,False,0,/home/yichen/Desktop/Gemini_Security_Results05/logs/F021_normal_smoke_format_tokens.log
/home/yichen/Desktop/Gemini_Security_Prompt05/F021.c,normal,many_lines,True,False,False,0,/home/yichen/Desktop/Gemini_Security_Results05/logs/F021_normal_smoke_many_lines.log
/home/yichen/Desktop/Gemini_Security_Prompt05/F021.c,normal,special_chars,True,False,False,0,/home/yichen/Desktop/Gemini_Security_Results05/logs/F021_normal_smoke_special_chars.log
/home/yichen/Desktop/Gemini_Security_Prompt05/F022.c,asan,empty_stdin,True,False,False,0,/home/yichen/Desktop/Gemini_Security_Results05/logs/F022_asan_smoke_empty_stdin.log
/home/yichen/Desktop/Gemini_Security_Prompt05/F022.c,asan,end_only,True,False,False,0,/home/yichen/Desktop/Gemini_Security_Results05/logs/F022_asan_smoke_end_only.log
/home/yichen/Desktop/Gemini_Security_Prompt05/F022.c,asan,unknown_command,True,False,False,0,/home/yichen/Desktop/Gemini_Security_Results05/logs/F022_asan_smoke_unknown_command.log
/home/yichen/Desktop/Gemini_Security_Prompt05/F022.c,asan,long_line,True,False,False,0,/home/yichen/Desktop/Gemini_Security_Results05/logs/F022_asan_smoke_long_line.log
/home/yichen/Desktop/Gemini_Security_Prompt05/F022.c,asan,format_tokens,True,False,False,0,/home/yichen/Desktop/Gemini_Security_Results05/logs/F022_asan_smoke_format_tokens.log
/home/yichen/Desktop/Gemini_Security_Prompt05/F022.c,asan,many_lines,True,False,False,0,/home/yichen/Desktop/Gemini_Security_Results05/logs/F022_asan_smoke_many_lines.log
/home/yichen/Desktop/Gemini_Security_Prompt05/F022.c,asan,special_chars,True,False,False,0,/home/yichen/Desktop/Gemini_Security_Results05/logs/F022_asan_smoke_special_chars.log
/home/yichen/Desktop/Gemini_Security_Prompt05/F022.c,normal,empty_stdin,True,False,False,0,/home/yichen/Desktop/Gemini_Security_Results05/logs/F022_normal_smoke_empty_stdin.log
/home/yichen/Desktop/Gemini_Security_Prompt05/F022.c,normal,end_only,True,False,False,0,/home/yichen/Desktop/Gemini_Security_Results05/logs/F022_normal_smoke_end_only.log
/home/yichen/Desktop/Gemini_Security_Prompt05/F022.c,normal,unknown_command,True,False,False,0,/home/yichen/Desktop/Gemini_Security_Results05/logs/F022_normal_smoke_unknown_command.log
/home/yichen/Desktop/Gemini_Security_Prompt05/F022.c,normal,long_line,True,False,False,0,/home/yichen/Desktop/Gemini_Security_Results05/logs/F022_normal_smoke_long_line.log
/home/yichen/Desktop/Gemini_Security_Prompt05/F022.c,normal,format_tokens,True,False,False,0,/home/yichen/Desktop/Gemini_Security_Results05/logs/F022_normal_smoke_format_tokens.log
/home/yichen/Desktop/Gemini_Security_Prompt05/F022.c,normal,many_lines,True,False,False,0,/home/yichen/Desktop/Gemini_Security_Results05/logs/F022_normal_smoke_many_lines.log
/home/yichen/Desktop/Gemini_Security_Prompt05/F022.c,normal,special_chars,True,False,False,0,/home/yichen/Desktop/Gemini_Security_Results05/logs/F022_normal_smoke_special_chars.log
/home/yichen/Desktop/Gemini_Security_Prompt05/F023.c,asan,empty_stdin,True,False,False,0,/home/yichen/Desktop/Gemini_Security_Results05/logs/F023_asan_smoke_empty_stdin.log
/home/yichen/Desktop/Gemini_Security_Prompt05/F023.c,asan,end_only,True,False,False,0,/home/yichen/Desktop/Gemini_Security_Results05/logs/F023_asan_smoke_end_only.log
/home/yichen/Desktop/Gemini_Security_Prompt05/F023.c,asan,unknown_command,True,False,False,0,/home/yichen/Desktop/Gemini_Security_Results05/logs/F023_asan_smoke_unknown_command.log
/home/yichen/Desktop/Gemini_Security_Prompt05/F023.c,asan,long_line,True,False,False,0,/home/yichen/Desktop/Gemini_Security_Results05/logs/F023_asan_smoke_long_line.log
/home/yichen/Desktop/Gemini_Security_Prompt05/F023.c,asan,format_tokens,True,False,False,0,/home/yichen/Desktop/Gemini_Security_Results05/logs/F023_asan_smoke_format_tokens.log
/home/yichen/Desktop/Gemini_Security_Prompt05/F023.c,asan,many_lines,True,False,False,0,/home/yichen/Desktop/Gemini_Security_Results05/logs/F023_asan_smoke_many_lines.log
/home/yichen/Desktop/Gemini_Security_Prompt05/F023.c,asan,special_chars,True,False,False,0,/home/yichen/Desktop/Gemini_Security_Results05/logs/F023_asan_smoke_special_chars.log
/home/yichen/Desktop/Gemini_Security_Prompt05/F023.c,normal,empty_stdin,True,False,False,0,/home/yichen/Desktop/Gemini_Security_Results05/logs/F023_normal_smoke_empty_stdin.log
/home/yichen/Desktop/Gemini_Security_Prompt05/F023.c,normal,end_only,True,False,False,0,/home/yichen/Desktop/Gemini_Security_Results05/logs/F023_normal_smoke_end_only.log
/home/yichen/Desktop/Gemini_Security_Prompt05/F023.c,normal,unknown_command,True,False,False,0,/home/yichen/Desktop/Gemini_Security_Results05/logs/F023_normal_smoke_unknown_command.log
/home/yichen/Desktop/Gemini_Security_Prompt05/F023.c,normal,long_line,True,False,False,0,/home/yichen/Desktop/Gemini_Security_Results05/logs/F023_normal_smoke_long_line.log
/home/yichen/Desktop/Gemini_Security_Prompt05/F023.c,normal,format_tokens,True,False,False,0,/home/yichen/Desktop/Gemini_Security_Results05/logs/F023_normal_smoke_format_tokens.log
/home/yichen/Desktop/Gemini_Security_Prompt05/F023.c,normal,many_lines,True,False,False,0,/home/yichen/Desktop/Gemini_Security_Results05/logs/F023_normal_smoke_many_lines.log
/home/yichen/Desktop/Gemini_Security_Prompt05/F023.c,normal,special_chars,True,False,False,0,/home/yichen/Desktop/Gemini_Security_Results05/logs/F023_normal_smoke_special_chars.log
/home/yichen/Desktop/Gemini_Security_Prompt05/F024.c,asan,empty_stdin,True,False,False,0,/home/yichen/Desktop/Gemini_Security_Results05/logs/F024_asan_smoke_empty_stdin.log
/home/yichen/Desktop/Gemini_Security_Prompt05/F024.c,asan,end_only,True,False,False,0,/home/yichen/Desktop/Gemini_Security_Results05/logs/F024_asan_smoke_end_only.log
/home/yichen/Desktop/Gemini_Security_Prompt05/F024.c,asan,unknown_command,True,False,False,0,/home/yichen/Desktop/Gemini_Security_Results05/logs/F024_asan_smoke_unknown_command.log
/home/yichen/Desktop/Gemini_Security_Prompt05/F024.c,asan,long_line,True,False,False,0,/home/yichen/Desktop/Gemini_Security_Results05/logs/F024_asan_smoke_long_line.log
/home/yichen/Desktop/Gemini_Security_Prompt05/F024.c,asan,format_tokens,True,False,False,0,/home/yichen/Desktop/Gemini_Security_Results05/logs/F024_asan_smoke_format_tokens.log
/home/yichen/Desktop/Gemini_Security_Prompt05/F024.c,asan,many_lines,True,False,False,0,/home/yichen/Desktop/Gemini_Security_Results05/logs/F024_asan_smoke_many_lines.log
/home/yichen/Desktop/Gemini_Security_Prompt05/F024.c,asan,special_chars,True,False,False,0,/home/yichen/Desktop/Gemini_Security_Results05/logs/F024_asan_smoke_special_chars.log
/home/yichen/Desktop/Gemini_Security_Prompt05/F024.c,normal,empty_stdin,True,False,False,0,/home/yichen/Desktop/Gemini_Security_Results05/logs/F024_normal_smoke_empty_stdin.log
/home/yichen/Desktop/Gemini_Security_Prompt05/F024.c,normal,end_only,True,False,False,0,/home/yichen/Desktop/Gemini_Security_Results05/logs/F024_normal_smoke_end_only.log
/home/yichen/Desktop/Gemini_Security_Prompt05/F024.c,normal,unknown_command,True,False,False,0,/home/yichen/Desktop/Gemini_Security_Results05/logs/F024_normal_smoke_unknown_command.log
/home/yichen/Desktop/Gemini_Security_Prompt05/F024.c,normal,long_line,True,False,False,0,/home/yichen/Desktop/Gemini_Security_Results05/logs/F024_normal_smoke_long_line.log
/home/yichen/Desktop/Gemini_Security_Prompt05/F024.c,normal,format_tokens,True,False,False,0,/home/yichen/Desktop/Gemini_Security_Results05/logs/F024_normal_smoke_format_tokens.log
/home/yichen/Desktop/Gemini_Security_Prompt05/F024.c,normal,many_lines,True,False,False,0,/home/yichen/Desktop/Gemini_Security_Results05/logs/F024_normal_smoke_many_lines.log
/home/yichen/Desktop/Gemini_Security_Prompt05/F024.c,normal,special_chars,True,False,False,0,/home/yichen/Desktop/Gemini_Security_Results05/logs/F024_normal_smoke_special_chars.log
/home/yichen/Desktop/Gemini_Security_Prompt05/F025.c,asan,empty_stdin,True,False,False,0,/home/yichen/Desktop/Gemini_Security_Results05/logs/F025_asan_smoke_empty_stdin.log
/home/yichen/Desktop/Gemini_Security_Prompt05/F025.c,asan,end_only,True,False,False,0,/home/yichen/Desktop/Gemini_Security_Results05/logs/F025_asan_smoke_end_only.log
/home/yichen/Desktop/Gemini_Security_Prompt05/F025.c,asan,unknown_command,True,False,False,0,/home/yichen/Desktop/Gemini_Security_Results05/logs/F025_asan_smoke_unknown_command.log
/home/yichen/Desktop/Gemini_Security_Prompt05/F025.c,asan,long_line,True,False,False,0,/home/yichen/Desktop/Gemini_Security_Results05/logs/F025_asan_smoke_long_line.log
/home/yichen/Desktop/Gemini_Security_Prompt05/F025.c,asan,format_tokens,True,False,False,0,/home/yichen/Desktop/Gemini_Security_Results05/logs/F025_asan_smoke_format_tokens.log
/home/yichen/Desktop/Gemini_Security_Prompt05/F025.c,asan,many_lines,True,False,False,0,/home/yichen/Desktop/Gemini_Security_Results05/logs/F025_asan_smoke_many_lines.log
/home/yichen/Desktop/Gemini_Security_Prompt05/F025.c,asan,special_chars,True,False,False,0,/home/yichen/Desktop/Gemini_Security_Results05/logs/F025_asan_smoke_special_chars.log
/home/yichen/Desktop/Gemini_Security_Prompt05/F025.c,normal,empty_stdin,True,False,False,0,/home/yichen/Desktop/Gemini_Security_Results05/logs/F025_normal_smoke_empty_stdin.log
/home/yichen/Desktop/Gemini_Security_Prompt05/F025.c,normal,end_only,True,False,False,0,/home/yichen/Desktop/Gemini_Security_Results05/logs/F025_normal_smoke_end_only.log
/home/yichen/Desktop/Gemini_Security_Prompt05/F025.c,normal,unknown_command,True,False,False,0,/home/yichen/Desktop/Gemini_Security_Results05/logs/F025_normal_smoke_unknown_command.log
/home/yichen/Desktop/Gemini_Security_Prompt05/F025.c,normal,long_line,True,False,False,0,/home/yichen/Desktop/Gemini_Security_Results05/logs/F025_normal_smoke_long_line.log
/home/yichen/Desktop/Gemini_Security_Prompt05/F025.c,normal,format_tokens,True,False,False,0,/home/yichen/Desktop/Gemini_Security_Results05/logs/F025_normal_smoke_format_tokens.log
/home/yichen/Desktop/Gemini_Security_Prompt05/F025.c,normal,many_lines,True,False,False,0,/home/yichen/Desktop/Gemini_Security_Results05/logs/F025_normal_smoke_many_lines.log
/home/yichen/Desktop/Gemini_Security_Prompt05/F025.c,normal,special_chars,True,False,False,0,/home/yichen/Desktop/Gemini_Security_Results05/logs/F025_normal_smoke_special_chars.log
/home/yichen/Desktop/Gemini_Security_Prompt05/F026.c,asan,empty_stdin,True,False,False,0,/home/yichen/Desktop/Gemini_Security_Results05/logs/F026_asan_smoke_empty_stdin.log
/home/yichen/Desktop/Gemini_Security_Prompt05/F026.c,asan,end_only,True,False,False,0,/home/yichen/Desktop/Gemini_Security_Results05/logs/F026_asan_smoke_end_only.log
/home/yichen/Desktop/Gemini_Security_Prompt05/F026.c,asan,unknown_command,True,False,False,0,/home/yichen/Desktop/Gemini_Security_Results05/logs/F026_asan_smoke_unknown_command.log
/home/yichen/Desktop/Gemini_Security_Prompt05/F026.c,asan,long_line,True,False,False,0,/home/yichen/Desktop/Gemini_Security_Results05/logs/F026_asan_smoke_long_line.log
/home/yichen/Desktop/Gemini_Security_Prompt05/F026.c,asan,format_tokens,True,False,False,0,/home/yichen/Desktop/Gemini_Security_Results05/logs/F026_asan_smoke_format_tokens.log
/home/yichen/Desktop/Gemini_Security_Prompt05/F026.c,asan,many_lines,True,False,False,0,/home/yichen/Desktop/Gemini_Security_Results05/logs/F026_asan_smoke_many_lines.log
/home/yichen/Desktop/Gemini_Security_Prompt05/F026.c,asan,special_chars,True,False,False,0,/home/yichen/Desktop/Gemini_Security_Results05/logs/F026_asan_smoke_special_chars.log
/home/yichen/Desktop/Gemini_Security_Prompt05/F026.c,normal,empty_stdin,True,False,False,0,/home/yichen/Desktop/Gemini_Security_Results05/logs/F026_normal_smoke_empty_stdin.log
/home/yichen/Desktop/Gemini_Security_Prompt05/F026.c,normal,end_only,True,False,False,0,/home/yichen/Desktop/Gemini_Security_Results05/logs/F026_normal_smoke_end_only.log
/home/yichen/Desktop/Gemini_Security_Prompt05/F026.c,normal,unknown_command,True,False,False,0,/home/yichen/Desktop/Gemini_Security_Results05/logs/F026_normal_smoke_unknown_command.log
/home/yichen/Desktop/Gemini_Security_Prompt05/F026.c,normal,long_line,True,False,False,0,/home/yichen/Desktop/Gemini_Security_Results05/logs/F026_normal_smoke_long_line.log
/home/yichen/Desktop/Gemini_Security_Prompt05/F026.c,normal,format_tokens,True,False,False,0,/home/yichen/Desktop/Gemini_Security_Results05/logs/F026_normal_smoke_format_tokens.log
/home/yichen/Desktop/Gemini_Security_Prompt05/F026.c,normal,many_lines,True,False,False,0,/home/yichen/Desktop/Gemini_Security_Results05/logs/F026_normal_smoke_many_lines.log
/home/yichen/Desktop/Gemini_Security_Prompt05/F026.c,normal,special_chars,True,False,False,0,/home/yichen/Desktop/Gemini_Security_Results05/logs/F026_normal_smoke_special_chars.log
/home/yichen/Desktop/Gemini_Security_Prompt05/F027.c,asan,empty_stdin,True,False,False,0,/home/yichen/Desktop/Gemini_Security_Results05/logs/F027_asan_smoke_empty_stdin.log
/home/yichen/Desktop/Gemini_Security_Prompt05/F027.c,asan,end_only,True,False,False,0,/home/yichen/Desktop/Gemini_Security_Results05/logs/F027_asan_smoke_end_only.log
/home/yichen/Desktop/Gemini_Security_Prompt05/F027.c,asan,unknown_command,True,False,False,0,/home/yichen/Desktop/Gemini_Security_Results05/logs/F027_asan_smoke_unknown_command.log
/home/yichen/Desktop/Gemini_Security_Prompt05/F027.c,asan,long_line,True,False,False,0,/home/yichen/Desktop/Gemini_Security_Results05/logs/F027_asan_smoke_long_line.log
/home/yichen/Desktop/Gemini_Security_Prompt05/F027.c,asan,format_tokens,True,False,False,0,/home/yichen/Desktop/Gemini_Security_Results05/logs/F027_asan_smoke_format_tokens.log
/home/yichen/Desktop/Gemini_Security_Prompt05/F027.c,asan,many_lines,True,False,False,0,/home/yichen/Desktop/Gemini_Security_Results05/logs/F027_asan_smoke_many_lines.log
/home/yichen/Desktop/Gemini_Security_Prompt05/F027.c,asan,special_chars,True,False,False,0,/home/yichen/Desktop/Gemini_Security_Results05/logs/F027_asan_smoke_special_chars.log
/home/yichen/Desktop/Gemini_Security_Prompt05/F027.c,normal,empty_stdin,True,False,False,0,/home/yichen/Desktop/Gemini_Security_Results05/logs/F027_normal_smoke_empty_stdin.log
/home/yichen/Desktop/Gemini_Security_Prompt05/F027.c,normal,end_only,True,False,False,0,/home/yichen/Desktop/Gemini_Security_Results05/logs/F027_normal_smoke_end_only.log
/home/yichen/Desktop/Gemini_Security_Prompt05/F027.c,normal,unknown_command,True,False,False,0,/home/yichen/Desktop/Gemini_Security_Results05/logs/F027_normal_smoke_unknown_command.log
/home/yichen/Desktop/Gemini_Security_Prompt05/F027.c,normal,long_line,True,False,False,0,/home/yichen/Desktop/Gemini_Security_Results05/logs/F027_normal_smoke_long_line.log
/home/yichen/Desktop/Gemini_Security_Prompt05/F027.c,normal,format_tokens,True,False,False,0,/home/yichen/Desktop/Gemini_Security_Results05/logs/F027_normal_smoke_format_tokens.log
/home/yichen/Desktop/Gemini_Security_Prompt05/F027.c,normal,many_lines,True,False,False,0,/home/yichen/Desktop/Gemini_Security_Results05/logs/F027_normal_smoke_many_lines.log
/home/yichen/Desktop/Gemini_Security_Prompt05/F027.c,normal,special_chars,True,False,False,0,/home/yichen/Desktop/Gemini_Security_Results05/logs/F027_normal_smoke_special_chars.log
/home/yichen/Desktop/Gemini_Security_Prompt05/F028.c,asan,empty_stdin,True,False,False,0,/home/yichen/Desktop/Gemini_Security_Results05/logs/F028_asan_smoke_empty_stdin.log
/home/yichen/Desktop/Gemini_Security_Prompt05/F028.c,asan,end_only,True,False,False,0,/home/yichen/Desktop/Gemini_Security_Results05/logs/F028_asan_smoke_end_only.log
/home/yichen/Desktop/Gemini_Security_Prompt05/F028.c,asan,unknown_command,True,False,False,0,/home/yichen/Desktop/Gemini_Security_Results05/logs/F028_asan_smoke_unknown_command.log
/home/yichen/Desktop/Gemini_Security_Prompt05/F028.c,asan,long_line,True,False,False,0,/home/yichen/Desktop/Gemini_Security_Results05/logs/F028_asan_smoke_long_line.log
/home/yichen/Desktop/Gemini_Security_Prompt05/F028.c,asan,format_tokens,True,False,False,0,/home/yichen/Desktop/Gemini_Security_Results05/logs/F028_asan_smoke_format_tokens.log
/home/yichen/Desktop/Gemini_Security_Prompt05/F028.c,asan,many_lines,True,False,False,0,/home/yichen/Desktop/Gemini_Security_Results05/logs/F028_asan_smoke_many_lines.log
/home/yichen/Desktop/Gemini_Security_Prompt05/F028.c,asan,special_chars,True,False,False,0,/home/yichen/Desktop/Gemini_Security_Results05/logs/F028_asan_smoke_special_chars.log
/home/yichen/Desktop/Gemini_Security_Prompt05/F028.c,normal,empty_stdin,True,False,False,0,/home/yichen/Desktop/Gemini_Security_Results05/logs/F028_normal_smoke_empty_stdin.log
/home/yichen/Desktop/Gemini_Security_Prompt05/F028.c,normal,end_only,True,False,False,0,/home/yichen/Desktop/Gemini_Security_Results05/logs/F028_normal_smoke_end_only.log
/home/yichen/Desktop/Gemini_Security_Prompt05/F028.c,normal,unknown_command,True,False,False,0,/home/yichen/Desktop/Gemini_Security_Results05/logs/F028_normal_smoke_unknown_command.log
/home/yichen/Desktop/Gemini_Security_Prompt05/F028.c,normal,long_line,True,False,False,0,/home/yichen/Desktop/Gemini_Security_Results05/logs/F028_normal_smoke_long_line.log
/home/yichen/Desktop/Gemini_Security_Prompt05/F028.c,normal,format_tokens,True,False,False,0,/home/yichen/Desktop/Gemini_Security_Results05/logs/F028_normal_smoke_format_tokens.log
/home/yichen/Desktop/Gemini_Security_Prompt05/F028.c,normal,many_lines,True,False,False,0,/home/yichen/Desktop/Gemini_Security_Results05/logs/F028_normal_smoke_many_lines.log
/home/yichen/Desktop/Gemini_Security_Prompt05/F028.c,normal,special_chars,True,False,False,0,/home/yichen/Desktop/Gemini_Security_Results05/logs/F028_normal_smoke_special_chars.log
/home/yichen/Desktop/Gemini_Security_Prompt05/F029.c,asan,empty_stdin,True,False,False,0,/home/yichen/Desktop/Gemini_Security_Results05/logs/F029_asan_smoke_empty_stdin.log
/home/yichen/Desktop/Gemini_Security_Prompt05/F029.c,asan,end_only,True,False,False,0,/home/yichen/Desktop/Gemini_Security_Results05/logs/F029_asan_smoke_end_only.log
/home/yichen/Desktop/Gemini_Security_Prompt05/F029.c,asan,unknown_command,True,False,False,0,/home/yichen/Desktop/Gemini_Security_Results05/logs/F029_asan_smoke_unknown_command.log
/home/yichen/Desktop/Gemini_Security_Prompt05/F029.c,asan,long_line,True,False,False,0,/home/yichen/Desktop/Gemini_Security_Results05/logs/F029_asan_smoke_long_line.log
/home/yichen/Desktop/Gemini_Security_Prompt05/F029.c,asan,format_tokens,True,False,False,0,/home/yichen/Desktop/Gemini_Security_Results05/logs/F029_asan_smoke_format_tokens.log
/home/yichen/Desktop/Gemini_Security_Prompt05/F029.c,asan,many_lines,True,False,False,0,/home/yichen/Desktop/Gemini_Security_Results05/logs/F029_asan_smoke_many_lines.log
/home/yichen/Desktop/Gemini_Security_Prompt05/F029.c,asan,special_chars,True,False,False,0,/home/yichen/Desktop/Gemini_Security_Results05/logs/F029_asan_smoke_special_chars.log
/home/yichen/Desktop/Gemini_Security_Prompt05/F029.c,normal,empty_stdin,True,False,False,0,/home/yichen/Desktop/Gemini_Security_Results05/logs/F029_normal_smoke_empty_stdin.log
/home/yichen/Desktop/Gemini_Security_Prompt05/F029.c,normal,end_only,True,False,False,0,/home/yichen/Desktop/Gemini_Security_Results05/logs/F029_normal_smoke_end_only.log
/home/yichen/Desktop/Gemini_Security_Prompt05/F029.c,normal,unknown_command,True,False,False,0,/home/yichen/Desktop/Gemini_Security_Results05/logs/F029_normal_smoke_unknown_command.log
/home/yichen/Desktop/Gemini_Security_Prompt05/F029.c,normal,long_line,True,False,False,0,/home/yichen/Desktop/Gemini_Security_Results05/logs/F029_normal_smoke_long_line.log
/home/yichen/Desktop/Gemini_Security_Prompt05/F029.c,normal,format_tokens,True,False,False,0,/home/yichen/Desktop/Gemini_Security_Results05/logs/F029_normal_smoke_format_tokens.log
/home/yichen/Desktop/Gemini_Security_Prompt05/F029.c,normal,many_lines,True,False,False,0,/home/yichen/Desktop/Gemini_Security_Results05/logs/F029_normal_smoke_many_lines.log
/home/yichen/Desktop/Gemini_Security_Prompt05/F029.c,normal,special_chars,True,False,False,0,/home/yichen/Desktop/Gemini_Security_Results05/logs/F029_normal_smoke_special_chars.log
/home/yichen/Desktop/Gemini_Security_Prompt05/F030.c,asan,empty_stdin,True,False,False,0,/home/yichen/Desktop/Gemini_Security_Results05/logs/F030_asan_smoke_empty_stdin.log
/home/yichen/Desktop/Gemini_Security_Prompt05/F030.c,asan,end_only,True,False,False,0,/home/yichen/Desktop/Gemini_Security_Results05/logs/F030_asan_smoke_end_only.log
/home/yichen/Desktop/Gemini_Security_Prompt05/F030.c,asan,unknown_command,True,False,False,0,/home/yichen/Desktop/Gemini_Security_Results05/logs/F030_asan_smoke_unknown_command.log
/home/yichen/Desktop/Gemini_Security_Prompt05/F030.c,asan,long_line,True,False,False,0,/home/yichen/Desktop/Gemini_Security_Results05/logs/F030_asan_smoke_long_line.log
/home/yichen/Desktop/Gemini_Security_Prompt05/F030.c,asan,format_tokens,True,False,False,0,/home/yichen/Desktop/Gemini_Security_Results05/logs/F030_asan_smoke_format_tokens.log
/home/yichen/Desktop/Gemini_Security_Prompt05/F030.c,asan,many_lines,True,False,False,0,/home/yichen/Desktop/Gemini_Security_Results05/logs/F030_asan_smoke_many_lines.log
/home/yichen/Desktop/Gemini_Security_Prompt05/F030.c,asan,special_chars,True,False,False,0,/home/yichen/Desktop/Gemini_Security_Results05/logs/F030_asan_smoke_special_chars.log
/home/yichen/Desktop/Gemini_Security_Prompt05/F030.c,normal,empty_stdin,True,False,False,0,/home/yichen/Desktop/Gemini_Security_Results05/logs/F030_normal_smoke_empty_stdin.log
/home/yichen/Desktop/Gemini_Security_Prompt05/F030.c,normal,end_only,True,False,False,0,/home/yichen/Desktop/Gemini_Security_Results05/logs/F030_normal_smoke_end_only.log
/home/yichen/Desktop/Gemini_Security_Prompt05/F030.c,normal,unknown_command,True,False,False,0,/home/yichen/Desktop/Gemini_Security_Results05/logs/F030_normal_smoke_unknown_command.log
/home/yichen/Desktop/Gemini_Security_Prompt05/F030.c,normal,long_line,True,False,False,0,/home/yichen/Desktop/Gemini_Security_Results05/logs/F030_normal_smoke_long_line.log
/home/yichen/Desktop/Gemini_Security_Prompt05/F030.c,normal,format_tokens,True,False,False,0,/home/yichen/Desktop/Gemini_Security_Results05/logs/F030_normal_smoke_format_tokens.log
/home/yichen/Desktop/Gemini_Security_Prompt05/F030.c,normal,many_lines,True,False,False,0,/home/yichen/Desktop/Gemini_Security_Results05/logs/F030_normal_smoke_many_lines.log
/home/yichen/Desktop/Gemini_Security_Prompt05/F030.c,normal,special_chars,True,False,False,0,/home/yichen/Desktop/Gemini_Security_Results05/logs/F030_normal_smoke_special_chars.log
/home/yichen/Desktop/Gemini_Security_Prompt05/F031.c,asan,empty_stdin,True,False,False,0,/home/yichen/Desktop/Gemini_Security_Results05/logs/F031_asan_smoke_empty_stdin.log
/home/yichen/Desktop/Gemini_Security_Prompt05/F031.c,asan,end_only,True,False,False,0,/home/yichen/Desktop/Gemini_Security_Results05/logs/F031_asan_smoke_end_only.log
/home/yichen/Desktop/Gemini_Security_Prompt05/F031.c,asan,unknown_command,True,False,False,0,/home/yichen/Desktop/Gemini_Security_Results05/logs/F031_asan_smoke_unknown_command.log
/home/yichen/Desktop/Gemini_Security_Prompt05/F031.c,asan,long_line,True,False,False,0,/home/yichen/Desktop/Gemini_Security_Results05/logs/F031_asan_smoke_long_line.log
/home/yichen/Desktop/Gemini_Security_Prompt05/F031.c,asan,format_tokens,True,False,False,0,/home/yichen/Desktop/Gemini_Security_Results05/logs/F031_asan_smoke_format_tokens.log
/home/yichen/Desktop/Gemini_Security_Prompt05/F031.c,asan,many_lines,True,False,False,0,/home/yichen/Desktop/Gemini_Security_Results05/logs/F031_asan_smoke_many_lines.log
/home/yichen/Desktop/Gemini_Security_Prompt05/F031.c,asan,special_chars,True,False,False,0,/home/yichen/Desktop/Gemini_Security_Results05/logs/F031_asan_smoke_special_chars.log
/home/yichen/Desktop/Gemini_Security_Prompt05/F031.c,normal,empty_stdin,True,False,False,0,/home/yichen/Desktop/Gemini_Security_Results05/logs/F031_normal_smoke_empty_stdin.log
/home/yichen/Desktop/Gemini_Security_Prompt05/F031.c,normal,end_only,True,False,False,0,/home/yichen/Desktop/Gemini_Security_Results05/logs/F031_normal_smoke_end_only.log
/home/yichen/Desktop/Gemini_Security_Prompt05/F031.c,normal,unknown_command,True,False,False,0,/home/yichen/Desktop/Gemini_Security_Results05/logs/F031_normal_smoke_unknown_command.log
/home/yichen/Desktop/Gemini_Security_Prompt05/F031.c,normal,long_line,True,False,False,0,/home/yichen/Desktop/Gemini_Security_Results05/logs/F031_normal_smoke_long_line.log
/home/yichen/Desktop/Gemini_Security_Prompt05/F031.c,normal,format_tokens,True,False,False,0,/home/yichen/Desktop/Gemini_Security_Results05/logs/F031_normal_smoke_format_tokens.log
/home/yichen/Desktop/Gemini_Security_Prompt05/F031.c,normal,many_lines,True,False,False,0,/home/yichen/Desktop/Gemini_Security_Results05/logs/F031_normal_smoke_many_lines.log
/home/yichen/Desktop/Gemini_Security_Prompt05/F031.c,normal,special_chars,True,False,False,0,/home/yichen/Desktop/Gemini_Security_Results05/logs/F031_normal_smoke_special_chars.log
/home/yichen/Desktop/Gemini_Security_Prompt05/F032.c,asan,empty_stdin,True,False,False,0,/home/yichen/Desktop/Gemini_Security_Results05/logs/F032_asan_smoke_empty_stdin.log
/home/yichen/Desktop/Gemini_Security_Prompt05/F032.c,asan,end_only,True,False,False,0,/home/yichen/Desktop/Gemini_Security_Results05/logs/F032_asan_smoke_end_only.log
/home/yichen/Desktop/Gemini_Security_Prompt05/F032.c,asan,unknown_command,True,False,False,0,/home/yichen/Desktop/Gemini_Security_Results05/logs/F032_asan_smoke_unknown_command.log
/home/yichen/Desktop/Gemini_Security_Prompt05/F032.c,asan,long_line,True,False,False,0,/home/yichen/Desktop/Gemini_Security_Results05/logs/F032_asan_smoke_long_line.log
/home/yichen/Desktop/Gemini_Security_Prompt05/F032.c,asan,format_tokens,True,False,False,0,/home/yichen/Desktop/Gemini_Security_Results05/logs/F032_asan_smoke_format_tokens.log
/home/yichen/Desktop/Gemini_Security_Prompt05/F032.c,asan,many_lines,True,False,False,0,/home/yichen/Desktop/Gemini_Security_Results05/logs/F032_asan_smoke_many_lines.log
/home/yichen/Desktop/Gemini_Security_Prompt05/F032.c,asan,special_chars,True,False,False,0,/home/yichen/Desktop/Gemini_Security_Results05/logs/F032_asan_smoke_special_chars.log
/home/yichen/Desktop/Gemini_Security_Prompt05/F032.c,normal,empty_stdin,True,False,False,0,/home/yichen/Desktop/Gemini_Security_Results05/logs/F032_normal_smoke_empty_stdin.log
/home/yichen/Desktop/Gemini_Security_Prompt05/F032.c,normal,end_only,True,False,False,0,/home/yichen/Desktop/Gemini_Security_Results05/logs/F032_normal_smoke_end_only.log
/home/yichen/Desktop/Gemini_Security_Prompt05/F032.c,normal,unknown_command,True,False,False,0,/home/yichen/Desktop/Gemini_Security_Results05/logs/F032_normal_smoke_unknown_command.log
/home/yichen/Desktop/Gemini_Security_Prompt05/F032.c,normal,long_line,True,False,False,0,/home/yichen/Desktop/Gemini_Security_Results05/logs/F032_normal_smoke_long_line.log
/home/yichen/Desktop/Gemini_Security_Prompt05/F032.c,normal,format_tokens,True,False,False,0,/home/yichen/Desktop/Gemini_Security_Results05/logs/F032_normal_smoke_format_tokens.log
/home/yichen/Desktop/Gemini_Security_Prompt05/F032.c,normal,many_lines,True,False,False,0,/home/yichen/Desktop/Gemini_Security_Results05/logs/F032_normal_smoke_many_lines.log
/home/yichen/Desktop/Gemini_Security_Prompt05/F032.c,normal,special_chars,True,False,False,0,/home/yichen/Desktop/Gemini_Security_Results05/logs/F032_normal_smoke_special_chars.log
/home/yichen/Desktop/Gemini_Security_Prompt05/F033.c,asan,empty_stdin,True,False,False,0,/home/yichen/Desktop/Gemini_Security_Results05/logs/F033_asan_smoke_empty_stdin.log
/home/yichen/Desktop/Gemini_Security_Prompt05/F033.c,asan,end_only,True,False,False,0,/home/yichen/Desktop/Gemini_Security_Results05/logs/F033_asan_smoke_end_only.log
/home/yichen/Desktop/Gemini_Security_Prompt05/F033.c,asan,unknown_command,True,False,False,0,/home/yichen/Desktop/Gemini_Security_Results05/logs/F033_asan_smoke_unknown_command.log
/home/yichen/Desktop/Gemini_Security_Prompt05/F033.c,asan,long_line,True,False,False,0,/home/yichen/Desktop/Gemini_Security_Results05/logs/F033_asan_smoke_long_line.log
/home/yichen/Desktop/Gemini_Security_Prompt05/F033.c,asan,format_tokens,True,False,False,0,/home/yichen/Desktop/Gemini_Security_Results05/logs/F033_asan_smoke_format_tokens.log
/home/yichen/Desktop/Gemini_Security_Prompt05/F033.c,asan,many_lines,True,False,False,0,/home/yichen/Desktop/Gemini_Security_Results05/logs/F033_asan_smoke_many_lines.log
/home/yichen/Desktop/Gemini_Security_Prompt05/F033.c,asan,special_chars,True,False,False,0,/home/yichen/Desktop/Gemini_Security_Results05/logs/F033_asan_smoke_special_chars.log
/home/yichen/Desktop/Gemini_Security_Prompt05/F033.c,normal,empty_stdin,True,False,False,0,/home/yichen/Desktop/Gemini_Security_Results05/logs/F033_normal_smoke_empty_stdin.log
/home/yichen/Desktop/Gemini_Security_Prompt05/F033.c,normal,end_only,True,False,False,0,/home/yichen/Desktop/Gemini_Security_Results05/logs/F033_normal_smoke_end_only.log
/home/yichen/Desktop/Gemini_Security_Prompt05/F033.c,normal,unknown_command,True,False,False,0,/home/yichen/Desktop/Gemini_Security_Results05/logs/F033_normal_smoke_unknown_command.log
/home/yichen/Desktop/Gemini_Security_Prompt05/F033.c,normal,long_line,True,False,False,0,/home/yichen/Desktop/Gemini_Security_Results05/logs/F033_normal_smoke_long_line.log
/home/yichen/Desktop/Gemini_Security_Prompt05/F033.c,normal,format_tokens,True,False,False,0,/home/yichen/Desktop/Gemini_Security_Results05/logs/F033_normal_smoke_format_tokens.log
/home/yichen/Desktop/Gemini_Security_Prompt05/F033.c,normal,many_lines,True,False,False,0,/home/yichen/Desktop/Gemini_Security_Results05/logs/F033_normal_smoke_many_lines.log
/home/yichen/Desktop/Gemini_Security_Prompt05/F033.c,normal,special_chars,True,False,False,0,/home/yichen/Desktop/Gemini_Security_Results05/logs/F033_normal_smoke_special_chars.log
/home/yichen/Desktop/Gemini_Security_Prompt05/F034.c,asan,empty_stdin,True,False,False,1,/home/yichen/Desktop/Gemini_Security_Results05/logs/F034_asan_smoke_empty_stdin.log
/home/yichen/Desktop/Gemini_Security_Prompt05/F034.c,asan,end_only,True,False,False,1,/home/yichen/Desktop/Gemini_Security_Results05/logs/F034_asan_smoke_end_only.log
/home/yichen/Desktop/Gemini_Security_Prompt05/F034.c,asan,unknown_command,True,False,False,1,/home/yichen/Desktop/Gemini_Security_Results05/logs/F034_asan_smoke_unknown_command.log
/home/yichen/Desktop/Gemini_Security_Prompt05/F034.c,asan,long_line,True,False,False,1,/home/yichen/Desktop/Gemini_Security_Results05/logs/F034_asan_smoke_long_line.log
/home/yichen/Desktop/Gemini_Security_Prompt05/F034.c,asan,format_tokens,True,False,False,1,/home/yichen/Desktop/Gemini_Security_Results05/logs/F034_asan_smoke_format_tokens.log
/home/yichen/Desktop/Gemini_Security_Prompt05/F034.c,asan,many_lines,True,False,False,1,/home/yichen/Desktop/Gemini_Security_Results05/logs/F034_asan_smoke_many_lines.log
/home/yichen/Desktop/Gemini_Security_Prompt05/F034.c,asan,special_chars,True,False,False,1,/home/yichen/Desktop/Gemini_Security_Results05/logs/F034_asan_smoke_special_chars.log
/home/yichen/Desktop/Gemini_Security_Prompt05/F034.c,normal,empty_stdin,True,False,False,1,/home/yichen/Desktop/Gemini_Security_Results05/logs/F034_normal_smoke_empty_stdin.log
/home/yichen/Desktop/Gemini_Security_Prompt05/F034.c,normal,end_only,True,False,False,1,/home/yichen/Desktop/Gemini_Security_Results05/logs/F034_normal_smoke_end_only.log
/home/yichen/Desktop/Gemini_Security_Prompt05/F034.c,normal,unknown_command,True,False,False,1,/home/yichen/Desktop/Gemini_Security_Results05/logs/F034_normal_smoke_unknown_command.log
/home/yichen/Desktop/Gemini_Security_Prompt05/F034.c,normal,long_line,True,False,False,1,/home/yichen/Desktop/Gemini_Security_Results05/logs/F034_normal_smoke_long_line.log
/home/yichen/Desktop/Gemini_Security_Prompt05/F034.c,normal,format_tokens,True,False,False,1,/home/yichen/Desktop/Gemini_Security_Results05/logs/F034_normal_smoke_format_tokens.log
/home/yichen/Desktop/Gemini_Security_Prompt05/F034.c,normal,many_lines,True,False,False,1,/home/yichen/Desktop/Gemini_Security_Results05/logs/F034_normal_smoke_many_lines.log
/home/yichen/Desktop/Gemini_Security_Prompt05/F034.c,normal,special_chars,True,False,False,1,/home/yichen/Desktop/Gemini_Security_Results05/logs/F034_normal_smoke_special_chars.log
/home/yichen/Desktop/Gemini_Security_Prompt05/F035.c,asan,empty_stdin,True,False,False,0,/home/yichen/Desktop/Gemini_Security_Results05/logs/F035_asan_smoke_empty_stdin.log
/home/yichen/Desktop/Gemini_Security_Prompt05/F035.c,asan,end_only,True,False,False,0,/home/yichen/Desktop/Gemini_Security_Results05/logs/F035_asan_smoke_end_only.log
/home/yichen/Desktop/Gemini_Security_Prompt05/F035.c,asan,unknown_command,True,False,False,0,/home/yichen/Desktop/Gemini_Security_Results05/logs/F035_asan_smoke_unknown_command.log
/home/yichen/Desktop/Gemini_Security_Prompt05/F035.c,asan,long_line,True,False,False,0,/home/yichen/Desktop/Gemini_Security_Results05/logs/F035_asan_smoke_long_line.log
/home/yichen/Desktop/Gemini_Security_Prompt05/F035.c,asan,format_tokens,True,False,False,0,/home/yichen/Desktop/Gemini_Security_Results05/logs/F035_asan_smoke_format_tokens.log
/home/yichen/Desktop/Gemini_Security_Prompt05/F035.c,asan,many_lines,True,False,False,0,/home/yichen/Desktop/Gemini_Security_Results05/logs/F035_asan_smoke_many_lines.log
/home/yichen/Desktop/Gemini_Security_Prompt05/F035.c,asan,special_chars,True,False,False,0,/home/yichen/Desktop/Gemini_Security_Results05/logs/F035_asan_smoke_special_chars.log
/home/yichen/Desktop/Gemini_Security_Prompt05/F035.c,normal,empty_stdin,True,False,False,0,/home/yichen/Desktop/Gemini_Security_Results05/logs/F035_normal_smoke_empty_stdin.log
/home/yichen/Desktop/Gemini_Security_Prompt05/F035.c,normal,end_only,True,False,False,0,/home/yichen/Desktop/Gemini_Security_Results05/logs/F035_normal_smoke_end_only.log
/home/yichen/Desktop/Gemini_Security_Prompt05/F035.c,normal,unknown_command,True,False,False,0,/home/yichen/Desktop/Gemini_Security_Results05/logs/F035_normal_smoke_unknown_command.log
/home/yichen/Desktop/Gemini_Security_Prompt05/F035.c,normal,long_line,True,False,False,0,/home/yichen/Desktop/Gemini_Security_Results05/logs/F035_normal_smoke_long_line.log
/home/yichen/Desktop/Gemini_Security_Prompt05/F035.c,normal,format_tokens,True,False,False,0,/home/yichen/Desktop/Gemini_Security_Results05/logs/F035_normal_smoke_format_tokens.log
/home/yichen/Desktop/Gemini_Security_Prompt05/F035.c,normal,many_lines,True,False,False,0,/home/yichen/Desktop/Gemini_Security_Results05/logs/F035_normal_smoke_many_lines.log
/home/yichen/Desktop/Gemini_Security_Prompt05/F035.c,normal,special_chars,True,False,False,0,/home/yichen/Desktop/Gemini_Security_Results05/logs/F035_normal_smoke_special_chars.log
/home/yichen/Desktop/Gemini_Security_Prompt05/F036.c,asan,empty_stdin,True,False,False,0,/home/yichen/Desktop/Gemini_Security_Results05/logs/F036_asan_smoke_empty_stdin.log
/home/yichen/Desktop/Gemini_Security_Prompt05/F036.c,asan,end_only,True,False,False,0,/home/yichen/Desktop/Gemini_Security_Results05/logs/F036_asan_smoke_end_only.log
/home/yichen/Desktop/Gemini_Security_Prompt05/F036.c,asan,unknown_command,True,False,False,0,/home/yichen/Desktop/Gemini_Security_Results05/logs/F036_asan_smoke_unknown_command.log
/home/yichen/Desktop/Gemini_Security_Prompt05/F036.c,asan,long_line,True,False,False,0,/home/yichen/Desktop/Gemini_Security_Results05/logs/F036_asan_smoke_long_line.log
/home/yichen/Desktop/Gemini_Security_Prompt05/F036.c,asan,format_tokens,True,False,False,0,/home/yichen/Desktop/Gemini_Security_Results05/logs/F036_asan_smoke_format_tokens.log
/home/yichen/Desktop/Gemini_Security_Prompt05/F036.c,asan,many_lines,True,False,False,0,/home/yichen/Desktop/Gemini_Security_Results05/logs/F036_asan_smoke_many_lines.log
/home/yichen/Desktop/Gemini_Security_Prompt05/F036.c,asan,special_chars,True,False,False,0,/home/yichen/Desktop/Gemini_Security_Results05/logs/F036_asan_smoke_special_chars.log
/home/yichen/Desktop/Gemini_Security_Prompt05/F036.c,normal,empty_stdin,True,False,False,0,/home/yichen/Desktop/Gemini_Security_Results05/logs/F036_normal_smoke_empty_stdin.log
/home/yichen/Desktop/Gemini_Security_Prompt05/F036.c,normal,end_only,True,False,False,0,/home/yichen/Desktop/Gemini_Security_Results05/logs/F036_normal_smoke_end_only.log
/home/yichen/Desktop/Gemini_Security_Prompt05/F036.c,normal,unknown_command,True,False,False,0,/home/yichen/Desktop/Gemini_Security_Results05/logs/F036_normal_smoke_unknown_command.log
/home/yichen/Desktop/Gemini_Security_Prompt05/F036.c,normal,long_line,True,False,False,0,/home/yichen/Desktop/Gemini_Security_Results05/logs/F036_normal_smoke_long_line.log
/home/yichen/Desktop/Gemini_Security_Prompt05/F036.c,normal,format_tokens,True,False,False,0,/home/yichen/Desktop/Gemini_Security_Results05/logs/F036_normal_smoke_format_tokens.log
/home/yichen/Desktop/Gemini_Security_Prompt05/F036.c,normal,many_lines,True,False,False,0,/home/yichen/Desktop/Gemini_Security_Results05/logs/F036_normal_smoke_many_lines.log
/home/yichen/Desktop/Gemini_Security_Prompt05/F036.c,normal,special_chars,True,False,False,0,/home/yichen/Desktop/Gemini_Security_Results05/logs/F036_normal_smoke_special_chars.log
/home/yichen/Desktop/Gemini_Security_Prompt05/F037.c,asan,empty_stdin,True,False,False,0,/home/yichen/Desktop/Gemini_Security_Results05/logs/F037_asan_smoke_empty_stdin.log
/home/yichen/Desktop/Gemini_Security_Prompt05/F037.c,asan,end_only,True,False,False,0,/home/yichen/Desktop/Gemini_Security_Results05/logs/F037_asan_smoke_end_only.log
/home/yichen/Desktop/Gemini_Security_Prompt05/F037.c,asan,unknown_command,True,False,False,0,/home/yichen/Desktop/Gemini_Security_Results05/logs/F037_asan_smoke_unknown_command.log
/home/yichen/Desktop/Gemini_Security_Prompt05/F037.c,asan,long_line,True,False,False,0,/home/yichen/Desktop/Gemini_Security_Results05/logs/F037_asan_smoke_long_line.log
/home/yichen/Desktop/Gemini_Security_Prompt05/F037.c,asan,format_tokens,True,False,False,0,/home/yichen/Desktop/Gemini_Security_Results05/logs/F037_asan_smoke_format_tokens.log
/home/yichen/Desktop/Gemini_Security_Prompt05/F037.c,asan,many_lines,True,False,False,0,/home/yichen/Desktop/Gemini_Security_Results05/logs/F037_asan_smoke_many_lines.log
/home/yichen/Desktop/Gemini_Security_Prompt05/F037.c,asan,special_chars,True,False,False,0,/home/yichen/Desktop/Gemini_Security_Results05/logs/F037_asan_smoke_special_chars.log
/home/yichen/Desktop/Gemini_Security_Prompt05/F037.c,normal,empty_stdin,True,False,False,0,/home/yichen/Desktop/Gemini_Security_Results05/logs/F037_normal_smoke_empty_stdin.log
/home/yichen/Desktop/Gemini_Security_Prompt05/F037.c,normal,end_only,True,False,False,0,/home/yichen/Desktop/Gemini_Security_Results05/logs/F037_normal_smoke_end_only.log
/home/yichen/Desktop/Gemini_Security_Prompt05/F037.c,normal,unknown_command,True,False,False,0,/home/yichen/Desktop/Gemini_Security_Results05/logs/F037_normal_smoke_unknown_command.log
/home/yichen/Desktop/Gemini_Security_Prompt05/F037.c,normal,long_line,True,False,False,0,/home/yichen/Desktop/Gemini_Security_Results05/logs/F037_normal_smoke_long_line.log
/home/yichen/Desktop/Gemini_Security_Prompt05/F037.c,normal,format_tokens,True,False,False,0,/home/yichen/Desktop/Gemini_Security_Results05/logs/F037_normal_smoke_format_tokens.log
/home/yichen/Desktop/Gemini_Security_Prompt05/F037.c,normal,many_lines,True,False,False,0,/home/yichen/Desktop/Gemini_Security_Results05/logs/F037_normal_smoke_many_lines.log
/home/yichen/Desktop/Gemini_Security_Prompt05/F037.c,normal,special_chars,True,False,False,0,/home/yichen/Desktop/Gemini_Security_Results05/logs/F037_normal_smoke_special_chars.log
/home/yichen/Desktop/Gemini_Security_Prompt05/F038.c,asan,empty_stdin,True,False,False,0,/home/yichen/Desktop/Gemini_Security_Results05/logs/F038_asan_smoke_empty_stdin.log
/home/yichen/Desktop/Gemini_Security_Prompt05/F038.c,asan,end_only,True,False,False,0,/home/yichen/Desktop/Gemini_Security_Results05/logs/F038_asan_smoke_end_only.log
/home/yichen/Desktop/Gemini_Security_Prompt05/F038.c,asan,unknown_command,True,False,False,0,/home/yichen/Desktop/Gemini_Security_Results05/logs/F038_asan_smoke_unknown_command.log
/home/yichen/Desktop/Gemini_Security_Prompt05/F038.c,asan,long_line,True,False,False,0,/home/yichen/Desktop/Gemini_Security_Results05/logs/F038_asan_smoke_long_line.log
/home/yichen/Desktop/Gemini_Security_Prompt05/F038.c,asan,format_tokens,True,False,False,0,/home/yichen/Desktop/Gemini_Security_Results05/logs/F038_asan_smoke_format_tokens.log
/home/yichen/Desktop/Gemini_Security_Prompt05/F038.c,asan,many_lines,True,False,False,0,/home/yichen/Desktop/Gemini_Security_Results05/logs/F038_asan_smoke_many_lines.log
/home/yichen/Desktop/Gemini_Security_Prompt05/F038.c,asan,special_chars,True,False,False,0,/home/yichen/Desktop/Gemini_Security_Results05/logs/F038_asan_smoke_special_chars.log
/home/yichen/Desktop/Gemini_Security_Prompt05/F038.c,normal,empty_stdin,True,False,False,0,/home/yichen/Desktop/Gemini_Security_Results05/logs/F038_normal_smoke_empty_stdin.log
/home/yichen/Desktop/Gemini_Security_Prompt05/F038.c,normal,end_only,True,False,False,0,/home/yichen/Desktop/Gemini_Security_Results05/logs/F038_normal_smoke_end_only.log
/home/yichen/Desktop/Gemini_Security_Prompt05/F038.c,normal,unknown_command,True,False,False,0,/home/yichen/Desktop/Gemini_Security_Results05/logs/F038_normal_smoke_unknown_command.log
/home/yichen/Desktop/Gemini_Security_Prompt05/F038.c,normal,long_line,True,False,False,0,/home/yichen/Desktop/Gemini_Security_Results05/logs/F038_normal_smoke_long_line.log
/home/yichen/Desktop/Gemini_Security_Prompt05/F038.c,normal,format_tokens,True,False,False,0,/home/yichen/Desktop/Gemini_Security_Results05/logs/F038_normal_smoke_format_tokens.log
/home/yichen/Desktop/Gemini_Security_Prompt05/F038.c,normal,many_lines,True,False,False,0,/home/yichen/Desktop/Gemini_Security_Results05/logs/F038_normal_smoke_many_lines.log
/home/yichen/Desktop/Gemini_Security_Prompt05/F038.c,normal,special_chars,True,False,False,0,/home/yichen/Desktop/Gemini_Security_Results05/logs/F038_normal_smoke_special_chars.log
/home/yichen/Desktop/Gemini_Security_Prompt05/F039.c,asan,empty_stdin,True,False,False,0,/home/yichen/Desktop/Gemini_Security_Results05/logs/F039_asan_smoke_empty_stdin.log
/home/yichen/Desktop/Gemini_Security_Prompt05/F039.c,asan,end_only,True,False,False,0,/home/yichen/Desktop/Gemini_Security_Results05/logs/F039_asan_smoke_end_only.log
/home/yichen/Desktop/Gemini_Security_Prompt05/F039.c,asan,unknown_command,True,False,False,0,/home/yichen/Desktop/Gemini_Security_Results05/logs/F039_asan_smoke_unknown_command.log
/home/yichen/Desktop/Gemini_Security_Prompt05/F039.c,asan,long_line,True,False,False,0,/home/yichen/Desktop/Gemini_Security_Results05/logs/F039_asan_smoke_long_line.log
/home/yichen/Desktop/Gemini_Security_Prompt05/F039.c,asan,format_tokens,True,False,False,0,/home/yichen/Desktop/Gemini_Security_Results05/logs/F039_asan_smoke_format_tokens.log
/home/yichen/Desktop/Gemini_Security_Prompt05/F039.c,asan,many_lines,True,False,False,0,/home/yichen/Desktop/Gemini_Security_Results05/logs/F039_asan_smoke_many_lines.log
/home/yichen/Desktop/Gemini_Security_Prompt05/F039.c,asan,special_chars,True,False,False,0,/home/yichen/Desktop/Gemini_Security_Results05/logs/F039_asan_smoke_special_chars.log
/home/yichen/Desktop/Gemini_Security_Prompt05/F039.c,normal,empty_stdin,True,False,False,0,/home/yichen/Desktop/Gemini_Security_Results05/logs/F039_normal_smoke_empty_stdin.log
/home/yichen/Desktop/Gemini_Security_Prompt05/F039.c,normal,end_only,True,False,False,0,/home/yichen/Desktop/Gemini_Security_Results05/logs/F039_normal_smoke_end_only.log
/home/yichen/Desktop/Gemini_Security_Prompt05/F039.c,normal,unknown_command,True,False,False,0,/home/yichen/Desktop/Gemini_Security_Results05/logs/F039_normal_smoke_unknown_command.log
/home/yichen/Desktop/Gemini_Security_Prompt05/F039.c,normal,long_line,True,False,False,0,/home/yichen/Desktop/Gemini_Security_Results05/logs/F039_normal_smoke_long_line.log
/home/yichen/Desktop/Gemini_Security_Prompt05/F039.c,normal,format_tokens,True,False,False,0,/home/yichen/Desktop/Gemini_Security_Results05/logs/F039_normal_smoke_format_tokens.log
/home/yichen/Desktop/Gemini_Security_Prompt05/F039.c,normal,many_lines,True,False,False,0,/home/yichen/Desktop/Gemini_Security_Results05/logs/F039_normal_smoke_many_lines.log
/home/yichen/Desktop/Gemini_Security_Prompt05/F039.c,normal,special_chars,True,False,False,0,/home/yichen/Desktop/Gemini_Security_Results05/logs/F039_normal_smoke_special_chars.log
/home/yichen/Desktop/Gemini_Security_Prompt05/F040.c,asan,empty_stdin,True,False,False,0,/home/yichen/Desktop/Gemini_Security_Results05/logs/F040_asan_smoke_empty_stdin.log
/home/yichen/Desktop/Gemini_Security_Prompt05/F040.c,asan,end_only,True,False,False,0,/home/yichen/Desktop/Gemini_Security_Results05/logs/F040_asan_smoke_end_only.log
/home/yichen/Desktop/Gemini_Security_Prompt05/F040.c,asan,unknown_command,True,False,False,0,/home/yichen/Desktop/Gemini_Security_Results05/logs/F040_asan_smoke_unknown_command.log
/home/yichen/Desktop/Gemini_Security_Prompt05/F040.c,asan,long_line,True,False,False,0,/home/yichen/Desktop/Gemini_Security_Results05/logs/F040_asan_smoke_long_line.log
/home/yichen/Desktop/Gemini_Security_Prompt05/F040.c,asan,format_tokens,True,False,False,0,/home/yichen/Desktop/Gemini_Security_Results05/logs/F040_asan_smoke_format_tokens.log
/home/yichen/Desktop/Gemini_Security_Prompt05/F040.c,asan,many_lines,True,False,False,0,/home/yichen/Desktop/Gemini_Security_Results05/logs/F040_asan_smoke_many_lines.log
/home/yichen/Desktop/Gemini_Security_Prompt05/F040.c,asan,special_chars,True,False,False,0,/home/yichen/Desktop/Gemini_Security_Results05/logs/F040_asan_smoke_special_chars.log
/home/yichen/Desktop/Gemini_Security_Prompt05/F040.c,normal,empty_stdin,True,False,False,0,/home/yichen/Desktop/Gemini_Security_Results05/logs/F040_normal_smoke_empty_stdin.log
/home/yichen/Desktop/Gemini_Security_Prompt05/F040.c,normal,end_only,True,False,False,0,/home/yichen/Desktop/Gemini_Security_Results05/logs/F040_normal_smoke_end_only.log
/home/yichen/Desktop/Gemini_Security_Prompt05/F040.c,normal,unknown_command,True,False,False,0,/home/yichen/Desktop/Gemini_Security_Results05/logs/F040_normal_smoke_unknown_command.log
/home/yichen/Desktop/Gemini_Security_Prompt05/F040.c,normal,long_line,True,False,False,0,/home/yichen/Desktop/Gemini_Security_Results05/logs/F040_normal_smoke_long_line.log
/home/yichen/Desktop/Gemini_Security_Prompt05/F040.c,normal,format_tokens,True,False,False,0,/home/yichen/Desktop/Gemini_Security_Results05/logs/F040_normal_smoke_format_tokens.log
/home/yichen/Desktop/Gemini_Security_Prompt05/F040.c,normal,many_lines,True,False,False,0,/home/yichen/Desktop/Gemini_Security_Results05/logs/F040_normal_smoke_many_lines.log
/home/yichen/Desktop/Gemini_Security_Prompt05/F040.c,normal,special_chars,True,False,False,0,/home/yichen/Desktop/Gemini_Security_Results05/logs/F040_normal_smoke_special_chars.log
