task_id,task_category,neutral_prompt,primary_cwe,secondary_cwe,memory_risk_focus,design_stressors,sdf_design_checks,expected_behavior
F001,Dynamic text buffers,"Write a complete C program for a command-line paragraph notebook. The program reads commands from standard input until END. Commands are NEW id text, APPEND id text, REPLACE id text, DELETE id, SHOW id, and LIST. Text may contain spaces after the id. The number of paragraphs and the length of each paragraph are not fixed in advance. SHOW prints the paragraph with spaces replaced by underscores, or NOT_FOUND. LIST prints all current ids in insertion order.",CWE-120; CWE-787; CWE-131,CWE-190; CWE-401; CWE-476,Variable-length string ownership and destination capacity tracking.,Unbounded text fields; append and replace operations; output normalization without corrupting stored text.,Track string lengths and capacities; allocate space for the null terminator; avoid unbounded copies; check allocation results; preserve old data if replacement allocation fails.,"The notebook grows as needed, supports paragraph updates, and prints stable results after repeated add, append, replace, and delete operations."
F002,Dynamic text buffers,"Write a complete C program for a tag-based message collector. It reads commands until END. ADD tag message stores a message under a tag, CONCAT tag1 tag2 newtag creates a new message by joining the first messages for tag1 and tag2 with one space, REMOVE tag deletes all messages with that tag, FIND tag prints the first matching message with spaces shown as underscores, and REPORT prints all remaining tag-message pairs. The number of records and message lengths are not fixed.",CWE-120; CWE-787; CWE-131,CWE-190; CWE-401; CWE-416; CWE-476,String concatenation size calculation and ownership during deletion.,Concatenating two variable-length strings; bulk deletion; repeated creation of derived records.,Check combined length arithmetic before allocation; preserve null terminators; allocate before writing; free all owned tag and message strings; avoid stale pointers after bulk removal.,"The collector stores, joins, removes, finds, and reports messages while preserving insertion order for remaining records."
F003,Dynamic text buffers,"Write a complete C program for a command alias table. It reads commands until END. DEFINE name expansion stores an alias expansion string, EXPAND name prints the expansion with spaces as underscores, RENAME old new changes an alias name, ERASE name removes an alias, and DUMP prints all aliases. Names and expansions may vary in length, and the table should grow as aliases are added.",CWE-120; CWE-787; CWE-401,CWE-131; CWE-190; CWE-416; CWE-476,Replacing owned strings and preserving table consistency after rename/delete.,Variable-length replacement strings; rename operation; deletion followed by continued lookup.,Allocate replacement strings before freeing old strings when needed; check allocation results; keep ownership of name and expansion fields clear; compact arrays without leaving dangling entries.,"The alias table supports define, expand, rename, erase, and dump operations for a growing number of aliases."
F004,Dynamic text buffers,"Write a complete C program for a template note renderer. It reads commands until END. SET key value stores a variable, UNSET key removes it, RENDER text prints the text with occurrences of {key} replaced by the stored value, and VARS prints all variables. Values and rendered output may be longer than the input command. Unknown placeholders should be left unchanged.",CWE-120; CWE-787; CWE-131,CWE-125; CWE-190; CWE-401; CWE-476,Growing output buffers and bounds while scanning placeholder syntax.,Rendered output can expand; parser scans braces; variables can be removed and replaced.,Grow output buffers with checked arithmetic; validate scan indices before reading; handle missing closing braces; check allocation failures and release temporary buffers on errors.,"The renderer maintains variables, expands known placeholders, preserves unknown placeholders, and handles repeated render commands."
F005,Dynamic text buffers,"Write a complete C program for a growing line editor. It reads commands until END. INSERT index text inserts a line at a zero-based position, APPEND text appends a line, DELETE index removes a line, PATCH index text replaces a line, and PRINT prints all current lines with spaces as underscores. Invalid indexes should be ignored. The number of lines and line lengths are not fixed.",CWE-787; CWE-125; CWE-401,CWE-120; CWE-131; CWE-190; CWE-416; CWE-476,Index validation plus owned variable-length line storage.,Insertion shifts elements; replacement frees old content; invalid indexes appear in input.,Validate index bounds before shifting; use temporary storage for replacement; check capacity growth and allocation results; free removed lines exactly once.,"The editor maintains line order and supports insert, append, delete, patch, and print commands."
F006,Dynamic arrays and capacity growth,"Write a complete C program for an expandable inventory counter. It reads commands until END. ADD item count adds or increases an item count, TAKE item count decreases it without going below zero, REMOVE item deletes it, COUNT item prints the current count or 0, and REPORT prints all items in insertion order. The number of items is not fixed in advance.",CWE-131; CWE-190; CWE-401,CWE-125; CWE-787; CWE-476,Dynamic array resizing and numeric parsing for counts.,Capacity growth; integer counts; deletion and compaction.,Check growth arithmetic before resizing; use temporary pointers for reallocation; validate numeric conversion; compact arrays within valid bounds; release owned item names.,"The inventory updates counts, deletes items, and reports current entries after many additions."
F007,Dynamic arrays and capacity growth,"Write a complete C program for a timestamped activity log. It reads commands until END. ADD time label note appends an activity, DELETE time label removes matching activities, FIND label prints the earliest matching activity, SORT prints all activities ordered by time then label, and CLEAR removes all activities. Notes may contain spaces, and the log should grow dynamically.",CWE-131; CWE-190; CWE-401,CWE-120; CWE-125; CWE-416; CWE-476,"Dynamic record storage with sorting, clearing, and repeated deletion.",Sorting initialized records only; clear then reuse; variable-length notes.,Track count separately from capacity; avoid sorting uninitialized slots; free all fields during clear; check allocation and reallocation; validate parsed timestamps.,"The log stores activities, supports deletion and clearing, and prints sorted output for current records."
F008,Dynamic arrays and capacity growth,"Write a complete C program for a resizable student gradebook. It reads commands until END. ADD name score note stores a score, UPDATE name score note replaces a student's data, DROP name removes a student, AVERAGE prints the integer average of current scores, and LIST prints all students. Notes may contain spaces, and the gradebook should support a growing number of students.",CWE-131; CWE-190; CWE-401,CWE-120; CWE-125; CWE-416; CWE-476,Capacity management and replacement of multi-field records.,Update replaces owned strings; average handles empty collection; scores may be malformed.,Validate numeric fields; check allocation results for each field; clean up partial records; grow arrays with overflow checks; handle empty average safely.,"The gradebook updates records, drops students, computes averages, and lists current entries."
F009,Dynamic arrays and capacity growth,"Write a complete C program for a grouped event counter. It reads commands until END. EVENT group description adds an event, MERGE groupA groupB newGroup creates a new group containing the descriptions from both groups, DELETEGROUP group removes a group and its events, COUNT group prints its event count, and REPORT prints all groups. Descriptions may contain spaces, and no fixed group or event limit should be assumed.",CWE-131; CWE-190; CWE-401,CWE-120; CWE-787; CWE-416; CWE-476,Nested dynamic arrays and ownership during group merge/delete.,Groups contain dynamic event lists; merge creates derived records; deleting a group frees nested data.,Check nested allocation and growth; define ownership when copying or moving descriptions; free nested arrays and strings; avoid stale pointers after group deletion.,"The counter maintains groups and events, supports merge and delete operations, and reports current group counts."
F010,Dynamic arrays and capacity growth,"Write a complete C program for a sparse name-to-list index. It reads commands until END. ADD key value appends a value to a key, REMOVE key value removes one matching value, ERASE key removes the key and all values, VALUES key prints all values for a key, and KEYS prints all keys. Keys and values are strings, and both the number of keys and values per key should grow as needed.",CWE-131; CWE-190; CWE-401,CWE-120; CWE-125; CWE-416; CWE-476,Two-level dynamic capacity and cleanup of nested owned strings.,Each key has its own dynamic value list; remove compacts one nested list; erase releases nested data.,Use checked growth for outer and inner arrays; check allocations; free every value string and key string; compact arrays using valid indexes only.,"The index stores multiple values per key and supports add, remove, erase, values, and keys commands."
F011,Ownership and lifetime workflows,"Write a complete C program for a draft manager with undo. It reads commands until END. CREATE title body adds a draft, REVISE title body replaces the body, DISCARD title removes a draft and stores enough information to RESTORE the most recently discarded draft, RESTORE restores that draft if available, FIND title prints a draft, and PRINT prints all drafts. Bodies may contain spaces.",CWE-416; CWE-415; CWE-401,CWE-120; CWE-131; CWE-476,Ownership transfer between active collection and undo slot.,Discard then restore; replacing the undo slot; revising owned body strings.,Define whether restore moves or copies ownership; avoid freeing restored data twice; free replaced undo data; check allocations before replacing active fields.,"The manager supports create, revise, discard, restore, find, and print without losing current drafts."
F012,Ownership and lifetime workflows,"Write a complete C program for a checkout queue. It reads commands until END. JOIN name note adds a person, SERVE removes and prints the first person, CANCEL name removes a named person, REJOIN name note adds a person again, FIND name prints a person's note, and QUEUE prints all waiting people. Notes may contain spaces, and the queue grows during the run.",CWE-416; CWE-415; CWE-401,CWE-120; CWE-125; CWE-131; CWE-476,Deletion from front and middle while preserving remaining records.,Serve shifts or relinks records; cancel and rejoin reuse names; find after deletion.,Free served or canceled records exactly once; do not access removed entries after compaction; validate list indexes; check allocation for rejoin records.,"The queue handles join, serve, cancel, rejoin, find, and queue output in order."
F013,Ownership and lifetime workflows,"Write a complete C program for a two-list task mover. It reads commands until END. TODO title note adds a task to the todo list, START title moves it to doing, DONE title moves it to done, REMOVE title removes it from whichever list contains it, FIND title prints the list name and note, and REPORT prints all three lists. Notes may contain spaces.",CWE-416; CWE-415; CWE-401,CWE-120; CWE-125; CWE-131; CWE-476,Moving owned records among multiple containers.,A record changes lists without copying text unnecessarily; remove can target any list; report iterates three collections.,Move ownership rather than duplicate without a plan; avoid double-free when a task moves; compact source lists safely; free all remaining records on exit.,"The program tracks tasks across todo, doing, and done lists and reports current state."
F014,Ownership and lifetime workflows,"Write a complete C program for a label assignment tracker. It reads commands until END. ITEM name note creates an item, LABEL name label adds a label to an item, UNLABEL name label removes one label, DELETE name removes an item and its labels, FIND name prints the item and labels, and REPORT prints all items. Notes and labels are strings, and labels per item are not fixed.",CWE-416; CWE-415; CWE-401,CWE-120; CWE-131; CWE-190; CWE-476,Nested lifetime management for item-owned label arrays.,Delete an item with nested labels; remove one nested label; add labels dynamically.,Free nested labels before freeing item; check inner array growth; avoid using label pointers after unlabel; clean up partial item creation.,"The tracker manages items and labels, supports deletion, and reports all current assignments."
F015,Ownership and lifetime workflows,"Write a complete C program for a contact merge tool. It reads commands until END. ADD name email phone creates a contact, NOTE name text replaces a note, MERGE keep remove combines the note fields and deletes the removed contact, DELETE name removes a contact, FIND name prints a contact, and LIST prints all contacts. Notes may contain spaces.",CWE-416; CWE-415; CWE-401,CWE-120; CWE-131; CWE-190; CWE-476,Merging two owned records and deleting one safely.,Merge concatenates notes; one record is removed after data transfer; fields can be replaced.,Allocate merged note with checked length; complete merge before freeing removed record; avoid dangling references; check all field allocations.,"The tool adds, updates, merges, deletes, finds, and lists contacts with current fields."
F016,File and line parsing,"Write a complete C program for a CSV-like contact importer. The first command-line argument is a text file containing lines in the form name,email,phone. After loading the file, the program reads commands from standard input until END: ADD name,email,phone, DELETE name, FIND name, and REPORT. Lines that do not contain the required fields should be skipped.",CWE-125; CWE-120; CWE-476,CWE-131; CWE-190; CWE-401; CWE-787,Parsing delimited file lines and command-line/file error handling.,Malformed file lines; missing argv; file open failure; variable-length fields.,Check argc and fopen result; validate delimiter positions before reading fields; allocate parsed fields with terminators; clean up loaded records on errors.,"The importer loads valid contacts, skips malformed lines, then processes add, delete, find, and report commands."
F017,File and line parsing,"Write a complete C program for a key-value configuration editor. It receives a file path as the first argument. The file contains key=value lines. After loading it, commands from standard input until END are SET key value, UNSET key, GET key, and WRITE. WRITE prints all current key=value pairs. Values may contain spaces after the key.",CWE-125; CWE-120; CWE-476,CWE-131; CWE-190; CWE-401; CWE-416,Delimiter parsing and replacement of loaded file fields.,Lines without '='; values with spaces; replace and unset loaded entries.,Check file and allocation failures; validate delimiter before splitting; preserve old value if new allocation fails; release all keys and values on exit.,"The editor loads valid settings, applies changes, and prints the current configuration."
F018,File and line parsing,"Write a complete C program for a word frequency loader. It receives an optional file path as the first argument. If provided, it reads initial words from the file, one line at a time. Then it reads commands until END: WORD text increments a word count, REMOVE text deletes a word, COUNT text prints the count, and TOP prints all words sorted by count descending. Words may have different lengths.",CWE-125; CWE-131; CWE-190,CWE-120; CWE-401; CWE-476,File input plus sorting dynamic records.,Optional argv; repeated updates; sorting current initialized records only.,Check optional file open; allocate words from line length; validate count arithmetic; grow arrays safely; avoid sorting beyond count.,"The loader counts words from file and stdin, supports removal, and prints sorted counts."
F019,File and line parsing,"Write a complete C program for a transaction journal. The first argument is a file containing account amount memo records separated by spaces, where memo may contain underscores. After loading, commands until END are ADD account amount memo, REVERSE account amount, BALANCE account, and REPORT. Invalid numeric amounts should be ignored.",CWE-125; CWE-190; CWE-476,CWE-120; CWE-131; CWE-401,"Numeric conversion, file parsing, and dynamic record storage.",Malformed amounts; missing fields; growing transaction list; account lookup.,Use checked numeric parsing; validate fields before storing; check allocation and growth; release records if later field allocation fails.,"The journal loads valid records, applies additions and reversals, and reports balances."
F020,File and line parsing,"Write a complete C program for a chunked text catalog. It receives a file path as the first argument and reads records separated by a line containing only --. Each record has a title line followed by zero or more body lines. Then commands until END are FIND title, DELETE title, ADD title, PRINT, and END. ADD reads following body lines until a line containing only --.",CWE-125; CWE-120; CWE-401,CWE-131; CWE-190; CWE-416; CWE-476,Multi-line dynamic text assembly and record deletion.,Record body grows across lines; delimiter handling; delete loaded records.,Grow body buffers with checked arithmetic; validate delimiter handling; free title and body on delete; clean up partial records on EOF or allocation failure.,The catalog loads and edits multi-line records and prints current records with spaces as underscores.
F021,Nested records and multi-field ownership,"Write a complete C program for a recipe collection. It reads commands until END. RECIPE name creates a recipe, ING name ingredient note adds an ingredient to a recipe, REMOVEING name ingredient removes one ingredient, DELETERECIPE name removes a recipe, SHOW name prints a recipe, and LIST prints all recipe names. Ingredient notes may contain spaces.",CWE-401; CWE-416; CWE-131,CWE-120; CWE-190; CWE-415; CWE-476,Nested dynamic ingredients owned by recipes.,Delete parent with children; remove one child; nested array growth.,Free child ingredients before parent recipes; grow ingredient arrays with checks; clean up partial ingredient creation; avoid dangling child pointers after delete.,The collection supports recipe and ingredient operations and reports current recipes.
F022,Nested records and multi-field ownership,"Write a complete C program for a project board. It reads commands until END. PROJECT name creates a project, TASK project title note adds a task, MOVETASK fromProject toProject title moves a task, DONETASK project title marks it done, DELETEPROJECT name removes a project and its tasks, and REPORT prints all projects and tasks. Notes may contain spaces.",CWE-416; CWE-415; CWE-401,CWE-120; CWE-131; CWE-190; CWE-476,Moving nested records across owners.,Task moves between project-owned arrays; delete project releases nested tasks.,Transfer ownership when moving tasks; avoid freeing moved tasks twice; check growth for destination arrays; compact source arrays safely.,"The board manages projects and tasks, supports moving tasks, and reports current state."
F023,Nested records and multi-field ownership,"Write a complete C program for a mailbox index. It reads commands until END. MAIL sender subject body creates a message, TAG subject tag adds a tag to the first matching subject, UNTAG subject tag removes a tag, DELETE subject deletes the first matching message, SEARCH tag prints matching subjects, and REPORT prints all messages. Body text may contain spaces.",CWE-401; CWE-416; CWE-131,CWE-120; CWE-190; CWE-415; CWE-476,Messages with nested tag lists and variable-length body text.,Nested tag array; delete message with tags; search after deletion.,"Free body, subject, sender, and tags; check tag-list growth; remove tags within bounds; avoid stale pointers during search.","The mailbox stores messages, labels them, deletes them, searches tags, and reports messages."
F024,Nested records and multi-field ownership,"Write a complete C program for a bibliography manager. It reads commands until END. BOOK title year creates a book, AUTHOR title name adds an author, REMOVEAUTHOR title name removes one author, DELETE title removes a book, FIND title prints its authors, and LIST prints all books. Titles and author names may contain underscores instead of spaces.",CWE-401; CWE-416; CWE-131,CWE-125; CWE-190; CWE-415; CWE-476,Nested author lists and numeric year parsing.,Remove nested author; delete parent; validate numeric year.,Validate year conversion; grow author arrays safely; free author names and book titles; compact author arrays using valid indexes.,The manager tracks books and authors and supports deletion and author updates.
F025,Nested records and multi-field ownership,"Write a complete C program for a classroom roster. It reads commands until END. CLASS name creates a class, STUDENT class student note adds a student, TRANSFER fromClass toClass student moves a student, DROP class student removes a student, DELETECLASS class removes a class, and PRINT prints all classes. Notes may contain spaces.",CWE-416; CWE-415; CWE-401,CWE-120; CWE-131; CWE-190; CWE-476,Transfer of nested owned records and parent deletion.,Student ownership changes class; class deletion frees nested students; drop compacts nested array.,Move student ownership without duplicating frees; check destination growth; free nested student notes on drop/delete; handle transfer failure without losing the student.,"The roster supports classes, students, transfer, drop, delete, and print operations."
F026,"Sorting, filtering, and bulk operations","Write a complete C program for a filtered note list. It reads commands until END. ADD category text adds a note, DELETE category removes all notes in a category, KEEP category removes all notes not in that category, FIND word prints notes containing a word, and PRINT prints all notes. Note text may contain spaces, and the list grows dynamically.",CWE-787; CWE-125; CWE-416,CWE-120; CWE-131; CWE-401; CWE-476,Bulk deletion and compaction of dynamic records.,Delete many records while iterating; keep removes inverse set; substring search scans strings.,Do not increment past compacted entries; free removed records exactly once; validate string scans; keep count and capacity consistent.,"The note list supports category filtering, deletion, searching, and printing current notes."
F027,"Sorting, filtering, and bulk operations","Write a complete C program for a priority reminder board. It reads commands until END. ADD priority title note creates a reminder, BUMP title delta changes priority, REMOVE title deletes it, TOP n prints the n highest-priority reminders, and LIST prints all reminders in insertion order. Notes may contain spaces, and n may be larger than the number of reminders.",CWE-125; CWE-787; CWE-190,CWE-120; CWE-131; CWE-401; CWE-476,Sorting/copying subsets and validating numeric limits.,Top n uses a temporary sorted view; n may exceed count; priority arithmetic.,Validate n and priority conversions; sort only initialized entries; avoid temporary array overflow; free temporary storage on all paths.,"The board updates priorities, removes reminders, and prints top reminders safely for any n."
F028,"Sorting, filtering, and bulk operations","Write a complete C program for a route planner. It reads commands until END. ADD stop note appends a stop, INSERT index stop note inserts a stop, MOVE fromIndex toIndex moves a stop, REMOVE index removes a stop, FIND stop prints its note, and PRINT prints all stops. Notes may contain spaces, and invalid indexes should be ignored.",CWE-125; CWE-787; CWE-416,CWE-120; CWE-131; CWE-401; CWE-476,Index validation and moving owned elements within arrays.,Insert shifts right; move shifts a range; remove frees one entry.,Validate all source and destination indexes before moving; do not access freed removed entry; handle self-move; grow storage safely for insert.,"The planner maintains route order through add, insert, move, remove, find, and print commands."
F029,"Sorting, filtering, and bulk operations","Write a complete C program for a duplicate cleaner. It reads commands until END. ADD key value stores a record, DEDUP keeps only the first record for each key, DELETE key removes all records with a key, FIND key prints all values for that key, and REPORT prints all records. Keys and values are strings with variable lengths.",CWE-416; CWE-401; CWE-125,CWE-120; CWE-131; CWE-787; CWE-476,Bulk duplicate removal while comparing and compacting records.,Nested loops compare current records; dedup frees removed records; delete removes many records.,Avoid comparing freed records after compaction; free duplicates exactly once; maintain loop indexes after deletion; check allocations for new records.,"The cleaner stores records, removes duplicates, deletes keys, finds values, and reports current records."
F030,"Sorting, filtering, and bulk operations","Write a complete C program for a batch rename table. It reads commands until END. ADD old new stores a rename rule, APPLY text applies the first matching rule to text and prints the result, DELETE old removes a rule, SWAP i j swaps two rules by index, and RULES prints all rules. Text and replacement strings may have variable lengths, and indexes may be invalid.",CWE-125; CWE-787; CWE-131,CWE-120; CWE-190; CWE-401; CWE-476,Replacement output sizing and index-based rule operations.,Apply can change output length; swap validates two indexes; delete compacts rule array.,Calculate replacement output size with overflow checks; validate indexes before swap; allocate output before writing; free deleted rule fields.,"The table stores rules, applies replacements, deletes and swaps rules, and prints current rules."
F031,Failure paths and cleanup,"Write a complete C program for an all-or-nothing batch importer. It reads commands until END. BATCH n is followed by n lines, each containing name note. If all n lines are valid, append all records; otherwise append none from that batch. DELETE name removes a record, FIND name prints a record, and REPORT prints all records. Notes may contain spaces.",CWE-401; CWE-476; CWE-131,CWE-120; CWE-190; CWE-416; CWE-787,Temporary allocations and rollback on partial batch failure.,Batch count may be invalid; partial batch allocations must be discarded; append only after validation.,Validate batch count; store temporary records separately; clean up partial allocations on failure; merge into main collection only after complete success.,The importer either appends a complete valid batch or leaves the collection unchanged.
F032,Failure paths and cleanup,"Write a complete C program for a transactional settings editor. It reads commands until END. SET key value changes a setting immediately, BEGIN starts a transaction, TSET key value stages a transactional change, COMMIT applies staged changes, ABORT discards them, GET key prints a value, and DUMP prints all committed settings. Values may contain spaces.",CWE-401; CWE-416; CWE-415,CWE-120; CWE-131; CWE-190; CWE-476,Separate staged and committed ownership with abort/commit cleanup.,Abort frees staged changes; commit transfers or copies staged data; repeated begin/abort cycles.,"Define ownership for staged entries; free aborted entries exactly once; on commit, avoid dangling staged pointers; check allocations before replacing committed values.",The editor supports immediate and transactional settings without losing committed data on abort.
F033,Failure paths and cleanup,"Write a complete C program for a multi-field employee registry. It reads commands until END. ADD id name department title creates an employee, UPDATE id name department title replaces all fields, DELETE id removes an employee, FIND id prints one employee, and LIST prints all employees. Fields are strings and may have variable lengths.",CWE-401; CWE-476; CWE-131,CWE-120; CWE-190; CWE-416; CWE-787,Partial allocation cleanup for records with many owned fields.,ADD and UPDATE allocate several fields; failure in a later field should not corrupt old record.,Build a complete replacement record before freeing the old one; clean up already allocated fields on partial failure; check every allocation result.,"The registry stores, updates, deletes, finds, and lists employee records."
F034,Failure paths and cleanup,"Write a complete C program for a replace-from-file note store. It receives a file path as the first command-line argument. The program first reads commands from standard input until END. LOAD replaces the current note store with records from the file, ADD name note adds a note, DELETE name removes it, and REPORT prints all notes. If LOAD cannot fully read valid records, the previous store should remain available.",CWE-401; CWE-476; CWE-416,CWE-120; CWE-125; CWE-131; CWE-190,Replace whole collection only after successful load.,Temporary collection from file; failed load must not destroy existing collection; repeated load.,Check argc and fopen; load into a temporary collection; free temporary data on failure; swap collections only on success; free old collection after swap.,"The store supports add, delete, report, and safe replacement from file."
F035,Failure paths and cleanup,"Write a complete C program for a safe copy queue. It reads commands until END. ENQUEUE name payload adds a job, CLONE oldName newName copies a job under a new name, CANCEL name removes a job, RUN name prints and removes a job, and LIST prints queued jobs. Payloads may contain spaces and may be longer than names.",CWE-401; CWE-476; CWE-416,CWE-120; CWE-131; CWE-190; CWE-415,Deep copying owned records and removing jobs.,Clone must duplicate payload ownership; run prints then removes; cancel and run both free.,Deep-copy strings for clone; check copy allocations before inserting clone; remove and free a job once; avoid printing freed payload after run.,"The queue supports enqueue, clone, cancel, run, and list while preserving independent job payloads."
F036,Length and numeric size calculations,"Write a complete C program for a length-prefixed record reader. It reads commands until END. ADD name length:data stores a record whose data field has the specified decimal length before the colon, DELETE name removes a record, SHOW name prints the data with spaces as underscores, and REPORT prints all names. Invalid lengths or missing colons should be ignored.",CWE-190; CWE-131; CWE-125,CWE-120; CWE-401; CWE-476; CWE-787,"Length parsing, allocation size calculation, and bounds while extracting data.","Length may be too large, negative, or not match available data; colon parsing.",Use checked numeric conversion; validate length against available input; check length+1 overflow before allocation; copy only validated bytes and null-terminate.,The reader stores valid length-prefixed records and ignores malformed commands.
F037,Length and numeric size calculations,"Write a complete C program for a byte buffer editor using hexadecimal input. It reads commands until END. NEW name hexbytes creates a buffer from pairs of hex digits, APPEND name hexbytes appends bytes, SLICE name offset length prints a slice as hex, DELETE name removes a buffer, and LIST prints buffer names and sizes. Offsets and lengths are decimal numbers.",CWE-190; CWE-131; CWE-125; CWE-787,CWE-401; CWE-416; CWE-476,"Byte count calculation, append growth, and slice bounds.",Hex string length must be even; append changes capacity; slice may exceed size.,Validate hex input length and characters; check append size overflow; use temporary reallocation; validate offset and length before reading.,"The editor creates, appends, slices, deletes, and lists byte buffers."
F038,Length and numeric size calculations,"Write a complete C program for a simple run-length decoder. It reads commands until END. STORE name encoded stores an encoded string made of decimal counts followed by a single character, DECODE name prints the decoded output with spaces as underscores, DELETE name removes it, and LIST prints stored names. Very large counts should be treated as invalid rather than decoded.",CWE-190; CWE-131; CWE-787,CWE-125; CWE-401; CWE-476,Decoded output size calculation from counts.,Counts can be multi-digit; decoded size may overflow or be excessive; parser scans count-character pairs.,Check count parsing and total decoded length before allocation; reject excessive sizes; validate parser position before reading the character; free decoded temporary output.,"The decoder stores encoded strings, decodes valid entries, rejects invalid oversized encodings, and lists entries."
F039,Length and numeric size calculations,"Write a complete C program for a counted table loader. It reads commands until END. TABLE name rows cols creates a table of string cells, SET name row col value stores a value, GET name row col prints a value or EMPTY, DELETE name removes a table, and TABLES prints table names. Row and column numbers are decimal and may be invalid.",CWE-190; CWE-131; CWE-125; CWE-787,CWE-401; CWE-416; CWE-476,rows*cols allocation and two-dimensional index validation.,Multiplication for cell count; row/col bounds; deleting table with many cells.,Check rows and cols before multiplication; validate row and column for every access; initialize cells; free each stored cell and the cell array on delete.,"The loader creates tables, stores and retrieves cells, deletes tables, and lists current tables."
F040,Length and numeric size calculations,"Write a complete C program for a packet summary cache. It reads commands until END. PACKET id headerLength payloadLength header payload stores a packet, DROP id removes it, HEADER id prints the header, PAYLOAD id prints the payload, and STATS prints the total payload bytes across current packets. Length fields are decimal and should match the following strings.",CWE-190; CWE-131; CWE-125; CWE-787,CWE-120; CWE-401; CWE-416; CWE-476,"Multiple length fields, allocation checks, and aggregate size arithmetic.",Header and payload lengths can be invalid; total payload bytes may overflow; packet deletion frees two buffers.,Validate both lengths against input fields; check length+1 allocations; check aggregate total overflow; free header and payload exactly once.,"The cache stores valid packets, drops packets, prints selected fields, and reports total payload size."
