file,line,severity,confidence,domain,subdomain,category,check_id,message,evidence
/home/yichen/Desktop/Qwen_SDF05/F001.c,12,low,review,memory,memory_copy,memory,dangerous_function:memcpy,memcpy requires a destination bound that is not proven here,"if (d) memcpy(d, s, len + 1);"
/home/yichen/Desktop/Qwen_SDF05/F001.c,57,medium,review,memory,memory_copy,memory,dangerous_function:memcpy,memcpy requires a destination bound that is not proven here,"memcpy(nt + ol, text, al + 1);"
/home/yichen/Desktop/Qwen_SDF05/F001.c,57,medium,confirmed,memory,memory_copy,memory,tainted_sink:memcpy,externally controlled input appears to reach memcpy argument 2,"memcpy(nt + ol, text, al + 1);"
/home/yichen/Desktop/Qwen_SDF05/F002.c,12,low,review,memory,memory_copy,memory,dangerous_function:memcpy,memcpy requires a destination bound that is not proven here,"if (d) memcpy(d, s, len + 1);"
/home/yichen/Desktop/Qwen_SDF05/F002.c,57,medium,review,memory,memory_copy,memory,dangerous_function:memcpy,memcpy requires a destination bound that is not proven here,"memcpy(combined, arr[i1].msg, l1);"
/home/yichen/Desktop/Qwen_SDF05/F002.c,59,medium,review,memory,memory_copy,memory,dangerous_function:memcpy,memcpy requires a destination bound that is not proven here,"memcpy(combined + l1 + 1, arr[i2].msg, l2 + 1);"
/home/yichen/Desktop/Qwen_SDF05/F002.c,57,medium,confirmed,memory,memory_copy,memory,tainted_sink:memcpy,externally controlled input appears to reach memcpy argument 2,"memcpy(combined, arr[i1].msg, l1);"
/home/yichen/Desktop/Qwen_SDF05/F002.c,59,medium,confirmed,memory,memory_copy,memory,tainted_sink:memcpy,externally controlled input appears to reach memcpy argument 2,"memcpy(combined + l1 + 1, arr[i2].msg, l2 + 1);"
/home/yichen/Desktop/Qwen_SDF05/F003.c,12,low,review,memory,memory_copy,memory,dangerous_function:memcpy,memcpy requires a destination bound that is not proven here,"if (d) memcpy(d, s, len + 1);"
/home/yichen/Desktop/Qwen_SDF05/F004.c,12,low,review,memory,memory_copy,memory,dangerous_function:memcpy,memcpy requires a destination bound that is not proven here,"if (d) memcpy(d, s, len + 1);"
/home/yichen/Desktop/Qwen_SDF05/F004.c,77,low,review,memory,memory_copy,memory,dangerous_function:memcpy,memcpy requires a destination bound that is not proven here,"memcpy(key, p + 1, klen);"
/home/yichen/Desktop/Qwen_SDF05/F004.c,90,medium,review,memory,memory_copy,memory,dangerous_function:memcpy,memcpy requires a destination bound that is not proven here,"memcpy(out + olen, vars[idx].val, vlen);"
/home/yichen/Desktop/Qwen_SDF05/F004.c,90,medium,confirmed,memory,memory_copy,memory,tainted_sink:memcpy,externally controlled input appears to reach memcpy argument 2,"memcpy(out + olen, vars[idx].val, vlen);"
/home/yichen/Desktop/Qwen_SDF05/F005.c,12,low,review,memory,memory_copy,memory,dangerous_function:memcpy,memcpy requires a destination bound that is not proven here,"if (d) memcpy(d, s, len + 1);"
/home/yichen/Desktop/Qwen_SDF05/F006.c,12,low,review,memory,memory_copy,memory,dangerous_function:memcpy,memcpy requires a destination bound that is not proven here,"if (d) memcpy(d, s, len + 1);"
/home/yichen/Desktop/Qwen_SDF05/F007.c,12,low,review,memory,memory_copy,memory,dangerous_function:memcpy,memcpy requires a destination bound that is not proven here,"if (d) memcpy(d, s, len + 1);"
/home/yichen/Desktop/Qwen_SDF05/F008.c,12,low,review,memory,memory_copy,memory,dangerous_function:memcpy,memcpy requires a destination bound that is not proven here,"if (d) memcpy(d, s, len + 1);"
/home/yichen/Desktop/Qwen_SDF05/F009.c,12,low,review,memory,memory_copy,memory,dangerous_function:memcpy,memcpy requires a destination bound that is not proven here,"if (d) memcpy(d, s, len + 1);"
/home/yichen/Desktop/Qwen_SDF05/F010.c,12,low,review,memory,memory_copy,memory,dangerous_function:memcpy,memcpy requires a destination bound that is not proven here,"if (d) memcpy(d, s, len + 1);"
/home/yichen/Desktop/Qwen_SDF05/F011.c,12,low,review,memory,memory_copy,memory,dangerous_function:memcpy,memcpy requires a destination bound that is not proven here,"if (d) memcpy(d, s, len + 1);"
/home/yichen/Desktop/Qwen_SDF05/F012.c,12,low,review,memory,memory_copy,memory,dangerous_function:memcpy,memcpy requires a destination bound that is not proven here,"if (d) memcpy(d, s, len + 1);"
/home/yichen/Desktop/Qwen_SDF05/F013.c,12,low,review,memory,memory_copy,memory,dangerous_function:memcpy,memcpy requires a destination bound that is not proven here,"if (d) memcpy(d, s, len + 1);"
/home/yichen/Desktop/Qwen_SDF05/F013.c,29,medium,likely,memory,memory_heap,memory,realloc_direct_assign,realloc result is assigned directly to the original pointer,"Task *t = realloc(tl->items, nc * sizeof(Task));"
/home/yichen/Desktop/Qwen_SDF05/F014.c,12,low,review,memory,memory_copy,memory,dangerous_function:memcpy,memcpy requires a destination bound that is not proven here,"if (d) memcpy(d, s, len + 1);"
/home/yichen/Desktop/Qwen_SDF05/F015.c,12,low,review,memory,memory_copy,memory,dangerous_function:memcpy,memcpy requires a destination bound that is not proven here,"if (d) memcpy(d, s, len + 1);"
/home/yichen/Desktop/Qwen_SDF05/F015.c,79,low,review,memory,memory_copy,memory,dangerous_function:memcpy,memcpy requires a destination bound that is not proven here,"memcpy(merged, arr[ik].note, lk);"
/home/yichen/Desktop/Qwen_SDF05/F015.c,82,low,review,memory,memory_copy,memory,dangerous_function:memcpy,memcpy requires a destination bound that is not proven here,"memcpy(merged + lk + 1, arr[ir].note, lr);"
/home/yichen/Desktop/Qwen_SDF05/F016.c,12,low,review,memory,memory_copy,memory,dangerous_function:memcpy,memcpy requires a destination bound that is not proven here,"if (d) memcpy(d, s, len + 1);"
/home/yichen/Desktop/Qwen_SDF05/F017.c,12,low,review,memory,memory_copy,memory,dangerous_function:memcpy,memcpy requires a destination bound that is not proven here,"if (d) memcpy(d, s, len + 1);"
/home/yichen/Desktop/Qwen_SDF05/F018.c,12,low,review,memory,memory_copy,memory,dangerous_function:memcpy,memcpy requires a destination bound that is not proven here,"if (d) memcpy(d, s, len + 1);"
/home/yichen/Desktop/Qwen_SDF05/F018.c,86,low,review,memory,memory_copy,memory,dangerous_function:memcpy,memcpy requires a destination bound that is not proven here,"memcpy(sorted, arr, cnt * sizeof(WordEntry));"
/home/yichen/Desktop/Qwen_SDF05/F019.c,12,low,review,memory,memory_copy,memory,dangerous_function:memcpy,memcpy requires a destination bound that is not proven here,"if (d) memcpy(d, s, len + 1);"
/home/yichen/Desktop/Qwen_SDF05/F020.c,12,low,review,memory,memory_copy,memory,dangerous_function:memcpy,memcpy requires a destination bound that is not proven here,"if (d) memcpy(d, s, len + 1);"
/home/yichen/Desktop/Qwen_SDF05/F021.c,12,low,review,memory,memory_copy,memory,dangerous_function:memcpy,memcpy requires a destination bound that is not proven here,"if (d) memcpy(d, s, len + 1);"
/home/yichen/Desktop/Qwen_SDF05/F022.c,12,low,review,memory,memory_copy,memory,dangerous_function:memcpy,memcpy requires a destination bound that is not proven here,"if (d) memcpy(d, s, len + 1);"
/home/yichen/Desktop/Qwen_SDF05/F023.c,12,low,review,memory,memory_copy,memory,dangerous_function:memcpy,memcpy requires a destination bound that is not proven here,"if (d) memcpy(d, s, len + 1);"
/home/yichen/Desktop/Qwen_SDF05/F024.c,12,low,review,memory,memory_copy,memory,dangerous_function:memcpy,memcpy requires a destination bound that is not proven here,"if (d) memcpy(d, s, len + 1);"
/home/yichen/Desktop/Qwen_SDF05/F025.c,12,low,review,memory,memory_copy,memory,dangerous_function:memcpy,memcpy requires a destination bound that is not proven here,"if (d) memcpy(d, s, len + 1);"
/home/yichen/Desktop/Qwen_SDF05/F026.c,12,low,review,memory,memory_copy,memory,dangerous_function:memcpy,memcpy requires a destination bound that is not proven here,"if (d) memcpy(d, s, len + 1);"
/home/yichen/Desktop/Qwen_SDF05/F027.c,12,low,review,memory,memory_copy,memory,dangerous_function:memcpy,memcpy requires a destination bound that is not proven here,"if (d) memcpy(d, s, len + 1);"
/home/yichen/Desktop/Qwen_SDF05/F027.c,75,low,review,memory,memory_copy,memory,dangerous_function:memcpy,memcpy requires a destination bound that is not proven here,"memcpy(sorted, arr, cnt * sizeof(Reminder));"
/home/yichen/Desktop/Qwen_SDF05/F028.c,12,low,review,memory,memory_copy,memory,dangerous_function:memcpy,memcpy requires a destination bound that is not proven here,"if (d) memcpy(d, s, len + 1);"
/home/yichen/Desktop/Qwen_SDF05/F029.c,12,low,review,memory,memory_copy,memory,dangerous_function:memcpy,memcpy requires a destination bound that is not proven here,"if (d) memcpy(d, s, len + 1);"
/home/yichen/Desktop/Qwen_SDF05/F030.c,12,low,review,memory,memory_copy,memory,dangerous_function:memcpy,memcpy requires a destination bound that is not proven here,"if (d) memcpy(d, s, len + 1);"
/home/yichen/Desktop/Qwen_SDF05/F030.c,60,low,review,memory,memory_copy,memory,dangerous_function:memcpy,memcpy requires a destination bound that is not proven here,"memcpy(res, text, pre_len);"
/home/yichen/Desktop/Qwen_SDF05/F030.c,61,medium,review,memory,memory_copy,memory,dangerous_function:memcpy,memcpy requires a destination bound that is not proven here,"memcpy(res + pre_len, arr[i].new_str, new_len);"
/home/yichen/Desktop/Qwen_SDF05/F030.c,62,low,review,memory,memory_copy,memory,dangerous_function:memcpy,memcpy requires a destination bound that is not proven here,"memcpy(res + pre_len + new_len, pos + old_len, post_len + 1);"
/home/yichen/Desktop/Qwen_SDF05/F030.c,61,medium,confirmed,memory,memory_copy,memory,tainted_sink:memcpy,externally controlled input appears to reach memcpy argument 2,"memcpy(res + pre_len, arr[i].new_str, new_len);"
/home/yichen/Desktop/Qwen_SDF05/F030.c,60,medium,confirmed,memory,memory_copy,memory,tainted_sink:memcpy,externally controlled input appears to reach memcpy argument 2,"memcpy(res, text, pre_len);"
/home/yichen/Desktop/Qwen_SDF05/F031.c,12,low,review,memory,memory_copy,memory,dangerous_function:memcpy,memcpy requires a destination bound that is not proven here,"if (d) memcpy(d, s, len + 1);"
/home/yichen/Desktop/Qwen_SDF05/F032.c,12,low,review,memory,memory_copy,memory,dangerous_function:memcpy,memcpy requires a destination bound that is not proven here,"if (d) memcpy(d, s, len + 1);"
/home/yichen/Desktop/Qwen_SDF05/F033.c,12,low,review,memory,memory_copy,memory,dangerous_function:memcpy,memcpy requires a destination bound that is not proven here,"if (d) memcpy(d, s, len + 1);"
/home/yichen/Desktop/Qwen_SDF05/F034.c,12,low,review,memory,memory_copy,memory,dangerous_function:memcpy,memcpy requires a destination bound that is not proven here,"if (d) memcpy(d, s, len + 1);"
/home/yichen/Desktop/Qwen_SDF05/F034.c,52,medium,likely,memory,memory_heap,memory,realloc_direct_assign,realloc result is assigned directly to the original pointer,"Note *t = realloc(tmp, nc * sizeof(Note));"
/home/yichen/Desktop/Qwen_SDF05/F035.c,12,low,review,memory,memory_copy,memory,dangerous_function:memcpy,memcpy requires a destination bound that is not proven here,"if (d) memcpy(d, s, len + 1);"
/home/yichen/Desktop/Qwen_SDF05/F036.c,12,low,review,memory,memory_copy,memory,dangerous_function:memcpy,memcpy requires a destination bound that is not proven here,"if (d) memcpy(d, s, len + 1);"
/home/yichen/Desktop/Qwen_SDF05/F037.c,13,low,review,memory,memory_copy,memory,dangerous_function:memcpy,memcpy requires a destination bound that is not proven here,"if (d) memcpy(d, s, len + 1);"
/home/yichen/Desktop/Qwen_SDF05/F037.c,107,low,review,memory,memory_copy,memory,dangerous_function:memcpy,memcpy requires a destination bound that is not proven here,"memcpy(b->bytes + b->size, bytes, byte_len);"
/home/yichen/Desktop/Qwen_SDF05/F038.c,14,low,review,memory,memory_copy,memory,dangerous_function:memcpy,memcpy requires a destination bound that is not proven here,"if (d) memcpy(d, s, len + 1);"
/home/yichen/Desktop/Qwen_SDF05/F039.c,12,low,review,memory,memory_copy,memory,dangerous_function:memcpy,memcpy requires a destination bound that is not proven here,"if (d) memcpy(d, s, len + 1);"
/home/yichen/Desktop/Qwen_SDF05/F039.c,58,medium,likely,memory,memory_heap,memory,unchecked_allocation:malloc,malloc result does not appear to be checked for NULL nearby,cells[i] = malloc(cols * sizeof(char *));
/home/yichen/Desktop/Qwen_SDF05/F040.c,12,low,review,memory,memory_copy,memory,dangerous_function:memcpy,memcpy requires a destination bound that is not proven here,"if (d) memcpy(d, s, len + 1);"
