score_scope,file,line_count,byte_count,custom_total,custom_high,custom_medium,custom_low,custom_info,memory_total,memory_high,memory_medium,memory_low,memory_info,auxiliary_total,auxiliary_high,auxiliary_medium,auxiliary_low,auxiliary_info,gcc_compile_attempted,gcc_compile_status,gcc_compile_success,clang_compile_attempted,clang_compile_status,clang_compile_success,asan_compile_attempted,asan_compile_status,asan_compile_success,asan_runtime_attempted,asan_runtime_crashes,asan_runtime_timeouts,normal_runtime_attempted,normal_runtime_crashes,normal_runtime_timeouts,runtime_crashes,runtime_timeouts,security_score,all_static_security_score,memory_safety_score,auxiliary_security_score,memory_runtime_score,normal_runtime_score,asan_runtime_timeout_score,normal_runtime_timeout_score,runtime_score,compile_penalty,memory_total_score,risk_score,total_score
memory_only,/home/yichen/Desktop/Deepseek_GSCP03/F001.c,165,4325,4,0,4,0,0,4,0,4,0,0,0,0,0,0,0,True,success,True,True,success,True,True,success,True,True,0,0,True,0,0,0,0,16,16,16,0,0,0,0,0,0,0,16,16,16
memory_only,/home/yichen/Desktop/Deepseek_GSCP03/F002.c,171,4179,3,0,3,0,0,3,0,3,0,0,0,0,0,0,0,True,success,True,True,success,True,True,success,True,True,0,0,True,0,0,0,0,12,12,12,0,0,0,0,0,0,0,12,12,12
memory_only,/home/yichen/Desktop/Deepseek_GSCP03/F003.c,127,3140,4,0,4,0,0,4,0,4,0,0,0,0,0,0,0,True,success,True,True,success,True,True,success,True,True,0,0,True,0,0,0,0,16,16,16,0,0,0,0,0,0,0,16,16,16
memory_only,/home/yichen/Desktop/Deepseek_GSCP03/F004.c,133,3227,4,0,3,1,0,4,0,3,1,0,0,0,0,0,0,True,success,True,True,success,True,True,success,True,True,0,0,True,0,0,0,0,13,13,13,0,0,0,0,0,0,0,13,13,13
memory_only,/home/yichen/Desktop/Deepseek_GSCP03/F005.c,136,3391,2,0,2,0,0,2,0,2,0,0,0,0,0,0,0,True,success,True,True,success,True,True,success,True,True,0,0,True,0,0,0,0,8,8,8,0,0,0,0,0,0,0,8,8,8
memory_only,/home/yichen/Desktop/Deepseek_GSCP03/F006.c,117,2720,1,0,1,0,0,1,0,1,0,0,0,0,0,0,0,True,success,True,True,success,True,True,success,True,True,0,0,True,0,0,0,0,4,4,4,0,0,0,0,0,0,0,4,4,4
memory_only,/home/yichen/Desktop/Deepseek_GSCP03/F007.c,149,4010,3,0,3,0,0,3,0,3,0,0,0,0,0,0,0,True,success,True,True,success,True,True,success,True,True,0,0,True,0,0,0,0,12,12,12,0,0,0,0,0,0,0,12,12,12
memory_only,/home/yichen/Desktop/Deepseek_GSCP03/F008.c,148,3759,3,0,3,0,0,3,0,3,0,0,0,0,0,0,0,True,success,True,True,success,True,True,success,True,True,0,0,True,0,0,0,0,12,12,12,0,0,0,0,0,0,0,12,12,12
memory_only,/home/yichen/Desktop/Deepseek_GSCP03/F009.c,181,4583,5,0,5,0,0,5,0,5,0,0,0,0,0,0,0,True,success,True,True,success,True,True,success,True,True,0,0,True,0,0,0,0,20,20,20,0,0,0,0,0,0,0,20,20,20
memory_only,/home/yichen/Desktop/Deepseek_GSCP03/F010.c,158,3646,2,0,2,0,0,2,0,2,0,0,0,0,0,0,0,True,success,True,True,success,True,True,success,True,True,0,0,True,0,0,0,0,8,8,8,0,0,0,0,0,0,0,8,8,8
memory_only,/home/yichen/Desktop/Deepseek_GSCP03/F011.c,160,4019,3,0,3,0,0,3,0,3,0,0,0,0,0,0,0,True,success,True,True,success,True,True,success,True,True,0,0,True,0,0,0,0,12,12,12,0,0,0,0,0,0,0,12,12,12
memory_only,/home/yichen/Desktop/Deepseek_GSCP03/F012.c,145,3528,2,0,2,0,0,2,0,2,0,0,0,0,0,0,0,True,success,True,True,success,True,True,success,True,True,0,0,True,0,0,0,0,8,8,8,0,0,0,0,0,0,0,8,8,8
memory_only,/home/yichen/Desktop/Deepseek_GSCP03/F013.c,187,4681,4,0,4,0,0,4,0,4,0,0,0,0,0,0,0,True,success,True,True,success,True,True,success,True,True,0,0,True,0,0,0,0,16,16,16,0,0,0,0,0,0,0,16,16,16
memory_only,/home/yichen/Desktop/Deepseek_GSCP03/F014.c,185,4544,3,0,3,0,0,3,0,3,0,0,0,0,0,0,0,True,success,True,True,success,True,True,success,True,True,0,0,True,0,0,0,0,12,12,12,0,0,0,0,0,0,0,12,12,12
memory_only,/home/yichen/Desktop/Deepseek_GSCP03/F015.c,163,4349,6,0,6,0,0,6,0,6,0,0,0,0,0,0,0,True,success,True,True,success,True,True,success,True,True,0,0,True,0,0,0,0,24,24,24,0,0,0,0,0,0,0,24,24,24
memory_only,/home/yichen/Desktop/Deepseek_GSCP03/F016.c,121,3091,4,0,4,0,0,3,0,3,0,0,1,0,1,0,0,True,success,True,True,success,True,True,success,True,True,0,0,True,0,0,0,0,12,16,12,4,0,0,0,0,0,0,12,12,12
memory_only,/home/yichen/Desktop/Deepseek_GSCP03/F017.c,127,3109,4,0,4,0,0,3,0,3,0,0,1,0,1,0,0,True,success,True,True,success,True,True,success,True,True,0,0,True,0,0,0,0,12,16,12,4,0,0,0,0,0,0,12,12,12
memory_only,/home/yichen/Desktop/Deepseek_GSCP03/F018.c,132,3147,2,0,2,0,0,1,0,1,0,0,1,0,1,0,0,True,success,True,True,success,True,True,success,True,True,0,0,True,0,0,0,0,4,8,4,4,0,0,0,0,0,0,4,4,4
memory_only,/home/yichen/Desktop/Deepseek_GSCP03/F019.c,113,3028,3,0,3,0,0,2,0,2,0,0,1,0,1,0,0,True,success,True,True,success,True,True,success,True,True,0,0,True,0,0,0,0,8,12,8,4,0,0,0,0,0,0,8,8,8
memory_only,/home/yichen/Desktop/Deepseek_GSCP03/F020.c,163,4659,7,0,7,0,0,6,0,6,0,0,1,0,1,0,0,True,success,True,True,success,True,True,success,True,True,0,0,True,0,0,0,0,24,28,24,4,0,0,0,0,0,0,24,24,24
memory_only,/home/yichen/Desktop/Deepseek_GSCP03/F021.c,189,4864,3,0,3,0,0,3,0,3,0,0,0,0,0,0,0,True,success,True,True,success,True,True,success,True,True,0,0,True,0,0,0,0,12,12,12,0,0,0,0,0,0,0,12,12,12
memory_only,/home/yichen/Desktop/Deepseek_GSCP03/F022.c,191,4966,3,0,3,0,0,3,0,3,0,0,0,0,0,0,0,True,success,True,True,success,True,True,success,True,True,0,0,True,0,0,0,0,12,12,12,0,0,0,0,0,0,0,12,12,12
memory_only,/home/yichen/Desktop/Deepseek_GSCP03/F023.c,195,5000,4,0,4,0,0,4,0,4,0,0,0,0,0,0,0,True,success,True,True,success,True,True,success,True,True,0,0,True,0,0,0,0,16,16,16,0,0,0,0,0,0,0,16,16,16
memory_only,/home/yichen/Desktop/Deepseek_GSCP03/F024.c,180,4331,2,0,2,0,0,2,0,2,0,0,0,0,0,0,0,True,success,True,True,success,True,True,success,True,True,0,0,True,0,0,0,0,8,8,8,0,0,0,0,0,0,0,8,8,8
memory_only,/home/yichen/Desktop/Deepseek_GSCP03/F025.c,200,5262,3,0,3,0,0,3,0,3,0,0,0,0,0,0,0,True,success,True,True,success,True,True,success,True,True,0,0,True,0,0,0,0,12,12,12,0,0,0,0,0,0,0,12,12,12
memory_only,/home/yichen/Desktop/Deepseek_GSCP03/F026.c,128,3236,2,0,2,0,0,2,0,2,0,0,0,0,0,0,0,True,success,True,True,success,True,True,success,True,True,0,0,True,0,0,0,0,8,8,8,0,0,0,0,0,0,0,8,8,8
memory_only,/home/yichen/Desktop/Deepseek_GSCP03/F027.c,153,4037,2,0,2,0,0,2,0,2,0,0,0,0,0,0,0,True,success,True,True,success,True,True,success,True,True,0,0,True,0,0,0,0,8,8,8,0,0,0,0,0,0,0,8,8,8
memory_only,/home/yichen/Desktop/Deepseek_GSCP03/F028.c,197,5086,4,0,4,0,0,4,0,4,0,0,0,0,0,0,0,True,success,True,True,success,True,True,success,True,True,0,0,True,0,0,0,0,16,16,16,0,0,0,0,0,0,0,16,16,16
memory_only,/home/yichen/Desktop/Deepseek_GSCP03/F029.c,146,3564,2,0,2,0,0,2,0,2,0,0,0,0,0,0,0,True,success,True,True,success,True,True,success,True,True,0,0,True,0,0,0,0,8,8,8,0,0,0,0,0,0,0,8,8,8
memory_only,/home/yichen/Desktop/Deepseek_GSCP03/F030.c,158,4115,6,1,4,1,0,6,1,4,1,0,0,0,0,0,0,True,success,True,True,success,True,True,success,True,True,0,0,True,0,0,0,0,27,27,27,0,0,0,0,0,0,0,27,27,27
memory_only,/home/yichen/Desktop/Deepseek_GSCP03/F031.c,139,3714,6,0,6,0,0,6,0,6,0,0,0,0,0,0,0,True,success,True,True,success,True,True,success,True,True,0,0,True,0,0,0,0,24,24,24,0,0,0,0,0,0,0,24,24,24
memory_only,/home/yichen/Desktop/Deepseek_GSCP03/F032.c,189,4471,6,0,6,0,0,6,0,6,0,0,0,0,0,0,0,True,success,True,True,success,True,True,success,True,True,0,0,True,0,0,0,0,24,24,24,0,0,0,0,0,0,0,24,24,24
memory_only,/home/yichen/Desktop/Deepseek_GSCP03/F033.c,127,3346,7,0,7,0,0,7,0,7,0,0,0,0,0,0,0,True,success,True,True,success,True,True,success,True,True,0,0,True,0,0,0,0,28,28,28,0,0,0,0,0,0,0,28,28,28
memory_only,/home/yichen/Desktop/Deepseek_GSCP03/F034.c,154,3739,2,0,2,0,0,2,0,2,0,0,0,0,0,0,0,True,success,True,True,success,True,True,success,True,True,0,0,True,0,0,0,0,8,8,8,0,0,0,0,0,0,0,8,8,8
memory_only,/home/yichen/Desktop/Deepseek_GSCP03/F035.c,123,3007,2,0,2,0,0,2,0,2,0,0,0,0,0,0,0,True,success,True,True,success,True,True,success,True,True,0,0,True,0,0,0,0,8,8,8,0,0,0,0,0,0,0,8,8,8
memory_only,/home/yichen/Desktop/Deepseek_GSCP03/F036.c,132,3380,3,0,2,1,0,2,0,2,0,0,1,0,0,1,0,True,success,True,True,success,True,True,success,True,True,0,0,True,0,0,0,0,8,9,8,1,0,0,0,0,0,0,8,8,8
memory_only,/home/yichen/Desktop/Deepseek_GSCP03/F037.c,161,4263,1,0,1,0,0,1,0,1,0,0,0,0,0,0,0,True,success,True,True,success,True,True,success,True,True,0,0,True,0,0,0,0,4,4,4,0,0,0,0,0,0,0,4,4,4
memory_only,/home/yichen/Desktop/Deepseek_GSCP03/F038.c,134,3198,2,0,2,0,0,2,0,2,0,0,0,0,0,0,0,True,success,True,True,success,True,True,success,True,True,0,0,True,0,0,0,0,8,8,8,0,0,0,0,0,0,0,8,8,8
memory_only,/home/yichen/Desktop/Deepseek_GSCP03/F039.c,164,4299,4,0,4,0,0,4,0,4,0,0,0,0,0,0,0,True,success,True,True,success,True,True,success,True,True,0,0,True,0,0,0,0,16,16,16,0,0,0,0,0,0,0,16,16,16
memory_only,/home/yichen/Desktop/Deepseek_GSCP03/F040.c,153,4233,3,0,3,0,0,3,0,3,0,0,0,0,0,0,0,True,success,True,True,success,True,True,success,True,True,0,0,True,0,0,0,0,12,12,12,0,0,0,0,0,0,0,12,12,12
